sigma,condensate_starts_full_operator,excised_renormalize,excised_hold,excised_radius_minus1,excised_radius_plus1,excised_rho0.4
0.000000000000000000e+00,nan,nan,nan,nan,nan,nan
1.000000000000000000e+00,4.000000000000011546e+00,3.999066840277788693e+00,3.982879377431918222e+00,3.997960069444455922e+00,3.999739583333345117e+00,9.999186197916686281e-01
2.000000000000000000e+00,8.687500000000006883e-01,8.668675787206674421e-01,8.721528861154450585e-01,8.599009543610406370e-01,8.675344962249419423e-01,1.553631962244196751e+00
3.000000000000000000e+00,2.762237569060771225e+00,2.760154958334502417e+00,2.758785040292029311e+00,2.736403566744275651e+00,2.761401168407006779e+00,1.847805606450979576e+00
4.000000000000000000e+00,1.712061038833989413e+00,1.704846851640051675e+00,1.713655154454595264e+00,1.696631565491111493e+00,1.716688617189511934e+00,2.010113733281337023e+00
5.000000000000000000e+00,2.428765840888991168e+00,2.414230606362097742e+00,2.420267805430445840e+00,2.399872466004509874e+00,2.427410440169924577e+00,2.109147347791906935e+00
6.000000000000000000e+00,2.129775059194947140e+00,2.110122374089683728e+00,2.121675415841949075e+00,2.101801924831853796e+00,2.124706580984863535e+00,2.177219259889229264e+00
7.000000000000000000e+00,2.383713787714276222e+00,2.359010999624293170e+00,2.369438709909524210e+00,2.349362921573601604e+00,2.374533492690450664e+00,2.228814179854388566e+00
8.000000000000000000e+00,2.320718197334598276e+00,2.292368227523436719e+00,2.305319371484091384e+00,2.284738003745484303e+00,2.306710114764698893e+00,2.270547866638731538e+00
9.000000000000000000e+00,2.418008471739438114e+00,2.387311378028245112e+00,2.399241979698715443e+00,2.379344471858558574e+00,2.400787235046133006e+00,2.305677849167838023e+00
1.000000000000000000e+01,2.420122281600662895e+00,2.387665737903093000e+00,2.399979892397602566e+00,2.380247161342725182e+00,2.398820777510370927e+00,2.335991596586033836e+00
1.100000000000000000e+01,2.465456293800928123e+00,2.432381319586238710e+00,2.443386770948150932e+00,2.424712310788478931e+00,2.441325477320716697e+00,2.362583367044041260e+00
1.200000000000000000e+01,2.481924367090100336e+00,2.448565005807070705e+00,2.458714506274449096e+00,2.440849655225580950e+00,2.454586826238970954e+00,2.386184803202772375e+00
1.300000000000000000e+01,2.508681250864639445e+00,2.475743862727849187e+00,2.484333669525855104e+00,2.467687447534522960e+00,2.478904527650236833e+00,2.407316972167180325e+00
1.400000000000000000e+01,2.526019889189384138e+00,2.493734625663948989e+00,2.500910487766208057e+00,2.485352452563849734e+00,2.493797715611398402e+00,2.426367952727153110e+00
1.500000000000000000e+01,2.544941638035879805e+00,2.513687238727425388e+00,2.519217484151435649e+00,2.504854685444400708e+00,2.510769126878794832e+00,2.443636738814458642e+00
1.600000000000000000e+01,2.560251878617359367e+00,2.530174814329699373e+00,2.534145329644143629e+00,2.520863623173554835e+00,2.524301447207897731e+00,2.459360196418263644e+00
1.700000000000000000e+01,2.575092425313149302e+00,2.546374586094942494e+00,2.548763164991008967e+00,2.536523754849294932e+00,2.537724338575913396e+00,2.473730554731385034e+00
1.800000000000000000e+01,2.588184056790326704e+00,2.560899758022499029e+00,2.561797807536642768e+00,2.550481382235718630e+00,2.549626156765482321e+00,2.486907157859086226e+00
1.900000000000000000e+01,2.600476713102767956e+00,2.574696089398861076e+00,2.574166763847752115e+00,2.563680252201902654e+00,2.561011863860637394e+00,2.499024541410566957e+00
2.000000000000000000e+01,2.611711866340210797e+00,2.587454167742442745e+00,2.585597832705096799e+00,2.575826129614112947e+00,2.571561517908236283e+00,2.510198077088312107e+00
2.100000000000000000e+01,2.622215094937915048e+00,2.599487041584261693e+00,2.596394740167026427e+00,2.587238078593302237e+00,2.581604453281118428e+00,2.520527976569584272e+00
2.200000000000000000e+01,2.631976093700370445e+00,2.610759063867878371e+00,2.606530283157880046e+00,2.597890354274846825e+00,2.591094208634712182e+00,2.530102175416114374e+00
2.300000000000000000e+01,2.641131335152131943e+00,2.621395840991069370e+00,2.616123293881457812e+00,2.607915911318126057e+00,2.600153442647227031e+00,2.538998446281293120e+00
2.400000000000000000e+01,2.649719476069166024e+00,2.631422917433667408e+00,2.625196964114435705e+00,2.617348016138849598e+00,2.608794522885879985e+00,2.547285978209231416e+00
2.500000000000000000e+01,2.657811966112438640e+00,2.640904543886251066e+00,2.633808336918235682e+00,2.626257576733991961e+00,2.617070829582460512e+00,2.555026583547417740e+00
2.600000000000000000e+01,2.665448709622645129e+00,2.649873956887062842e+00,2.641984594091357774e+00,2.634683966110133557e+00,2.625001249402163506e+00,2.562275643030220262e+00
2.700000000000000000e+01,2.672673974442552502e+00,2.658371504199232405e+00,2.649758716463237906e+00,2.642672884541588996e+00,2.632612784188571808e+00,2.569082864852554771e+00
2.800000000000000000e+01,2.679519897104258863e+00,2.666426377346552190e+00,2.657153081429395325e+00,2.650258161531726664e+00,2.639920533279596526e+00,2.575492909789433238e+00
2.900000000000000000e+01,2.686016741037147160e+00,2.674067356397501705e+00,2.664189598206155196e+00,2.657472494299992327e+00,2.646940037617576458e+00,2.581545918134830586e+00
3.000000000000000000e+01,2.692188968913329372e+00,2.681318247417093126e+00,2.670885729158599009e+00,2.664342899755499428e+00,2.653682212046454492e+00,2.587277963079296139e+00
3.100000000000000000e+01,2.698058425516974168e+00,2.688201093609959180e+00,2.677257555338902417e+00,2.670893971866805217e+00,2.660157111631634930e+00,2.592721447516718847e+00
3.200000000000000000e+01,2.703643623297776521e+00,2.694735194214241680e+00,2.683318966670567907e+00,2.677146929820468202e+00,2.666372795669876172e+00,2.597905456066294416e+00
3.300000000000000000e+01,2.708960890922392561e+00,2.700938183691107053e+00,2.689082692602384306e+00,2.683120753186110541e+00,2.672336576125592167e+00,2.602856070559346424e+00
3.400000000000000000e+01,2.714024417344392592e+00,2.706825939012780236e+00,2.694560240591534761e+00,2.688832132670143427e+00,2.678054853533443858e+00,2.607596654848749029e+00
3.500000000000000000e+01,2.718846762320990873e+00,2.712413016236451924e+00,2.699762295962016889e+00,2.694295962629650099e+00,2.683533577523178781e+00,2.612148113188236920e+00
3.600000000000000000e+01,2.723439032968756113e+00,2.717712744230600386e+00,2.704698797892643114e+00,2.699525483525857528e+00,2.688778282973486977e+00,2.616529125349321028e+00
3.700000000000000000e+01,2.727811160588493600e+00,2.722737442209516523e+00,2.709379118455515822e+00,2.704532551830946208e+00,2.693794277521865066e+00,2.620756360922941841e+00
3.800000000000000000e+01,2.731972063229300307e+00,2.727498527185955091e+00,2.713812136626713833e+00,2.709327795003639405e+00,2.698586692338316606e+00,2.624844674770488329e+00
3.900000000000000000e+01,2.735929817014197685e+00,2.732006641492596088e+00,2.718006327095131791e+00,2.713920785867513175e+00,2.703160561883133362e+00,2.628807285264962434e+00
4.000000000000000000e+01,2.739691780212450745e+00,2.736271738908612861e+00,2.721969810310266080e+00,2.718320171553033848e+00,2.707520854997200743e+00,2.632655936741615577e+00
4.100000000000000000e+01,2.743264706652836615e+00,2.740303166996629347e+00,2.725710398813909308e+00,2.722533796152261321e+00,2.711672506607230027e+00,2.636401047421558896e+00
4.200000000000000000e+01,2.746654835070252432e+00,2.744109730457496621e+00,2.729235627121775476e+00,2.726568800671050230e+00,2.715620430138401709e+00,2.640051843957872180e+00
4.300000000000000000e+01,2.749867966358023441e+00,2.747699747193396380e+00,2.732552776204810741e+00,2.730431712586409709e+00,2.719369526145046123e+00,2.643616483664207539e+00
4.400000000000000000e+01,2.752909526463702683e+00,2.751081094024933282e+00,2.735668890231065742e+00,2.734128521610032614e+00,2.722924682719288558e+00,2.647102165412909880e+00
4.500000000000000000e+01,2.755784619527680501e+00,2.754261246209389835e+00,2.738590789484971033e+00,2.737664746133753102e+00,2.726290773011332824e+00,2.650515230124343535e+00
4.600000000000000000e+01,2.758498071667717877e+00,2.757247310676270491e+00,2.741325079506168105e+00,2.741045490280754837e+00,2.729472649299000242e+00,2.653861251710019520e+00
4.700000000000000000e+01,2.761054467579106664e+00,2.760046054748519051e+00,2.743878158046376914e+00,2.744275493580658143e+00,2.732475135658400056e+00,2.657145119275960532e+00
4.800000000000000000e+01,2.763458180794439389e+00,2.762663930833331172e+00,2.746256220249813751e+00,2.747359173896751550e+00,2.735303019467121288e+00,2.660371111338931005e+00
4.900000000000000000e+01,2.765713398832716940e+00,2.765107097985925133e+00,2.748465262792570307e+00,2.750300664735482847e+00,2.737961042613694218e+00,2.663542962755651722e+00
5.000000000000000000e+01,2.767824143992729358e+00,2.767381440815311677e+00,2.750511087308299185e+00,2.753103847597048404e+00,2.740453892682740644e+00,2.666663925015154923e+00
5.100000000000000000e+01,2.769794290573134976e+00,2.769492586255127620e+00,2.752399303457524038e+00,2.755772380101771724e+00,2.742786194505272945e+00,2.669736820495614449e+00
5.200000000000000000e+01,2.771627579097700522e+00,2.771445918548394172e+00,2.754135331838196699e+00,2.758309720434636514e+00,2.744962502240809066e+00,2.672764091240653617e+00
5.300000000000000000e+01,2.773327628073744666e+00,2.773246592767876439e+00,2.755724406907540835e+00,2.760719148623989927e+00,2.746987292154807747e+00,2.675747842765528350e+00
5.400000000000000000e+01,2.774897943704467629e+00,2.774899547110735831e+00,2.757171580012752976e+00,2.763003785072611684e+00,2.748864956161829909e+00,2.678689883361542456e+00
5.500000000000000000e+01,2.776341927919639296e+00,2.776409514170536497e+00,2.758481722599788188e+00,2.765166606715085518e+00,2.750599796183232026e+00,2.681591759327600411e+00
5.600000000000000000e+01,2.777662885023643558e+00,2.777781031343305340e+00,2.759659529634568731e+00,2.767210461116849984e+00,2.752196019325555909e+00,2.684454786521009328e+00
5.700000000000000000e+01,2.778864027214348997e+00,2.779018450496643755e+00,2.760709523251836828e+00,2.769138078790964741e+00,2.753657733868392299e+00,2.687280078584601384e+00
5.800000000000000000e+01,2.779948479182378307e+00,2.780125947003305065e+00,2.761636056628792524e+00,2.770952083967866297e+00,2.754988946030756836e+00,2.690068572174677097e+00
5.900000000000000000e+01,2.780919281965950507e+00,2.781107528220710279e+00,2.762443318071008846e+00,2.772655004023163006e+00,2.756193557475143052e+00,2.692821049486674223e+00
6.000000000000000000e+01,2.781779396206558008e+00,2.781967041482091396e+00,2.763135335289848449e+00,2.774249277739932129e+00,2.757275363500275578e+00,2.695538158345451851e+00
6.100000000000000000e+01,2.782531704926187288e+00,2.782708181650839663e+00,2.763715979845343451e+00,2.775737262557700369e+00,2.758238051868733276e+00,2.698220430103817069e+00
6.200000000000000000e+01,2.783179015924273525e+00,2.783334498280644276e+00,2.764188971726364574e+00,2.777121240940580549e+00,2.759085202214230481e+00,2.700868295569876398e+00
6.300000000000000000e+01,2.783724063877067056e+00,2.783849402414767304e+00,2.764557884038776336e+00,2.778403425978404950e+00,2.759820285972550025e+00,2.703482099161677699e+00
6.400000000000000000e+01,2.784169512204761610e+00,2.784256173052198857e+00,2.764826147772057485e+00,2.779585966320353485e+00,2.760446666780574265e+00,2.706062111469730080e+00
6.500000000000000000e+01,2.784517954760807434e+00,2.784557963303923689e+00,2.764997056615793092e+00,2.780670950526742846e+00,2.760967601290880147e+00,2.708608540389878971e+00
6.600000000000000000e+01,2.784771917387397266e+00,2.784757806257359913e+00,2.765073771799526625e+00,2.781660410913482373e+00,2.761386240350788501e+00,2.711121540973460586e+00
6.700000000000000000e+01,2.784933859371291565e+00,2.784858620565845655e+00,2.765059326930638051e+00,2.782556326954383152e+00,2.761705630498027642e+00,2.713601224127259126e+00
6.800000000000000000e+01,2.785006174827973080e+00,2.784863215776582024e+00,2.764956632807335168e+00,2.783360628297166350e+00,2.761928715728724448e+00,2.716047664282591256e+00
6.900000000000000000e+01,2.784991194035632667e+00,2.784774297409384314e+00,2.764768482187002441e+00,2.784075197442570815e+00,2.762058339496670012e+00,2.718460906141578093e+00
7.000000000000000000e+01,2.784891184735622804e+00,2.784594471797531057e+00,2.764497554490773723e+00,2.784701872129072608e+00,2.762097246905552694e+00,2.720840970597310893e+00
7.100000000000000000e+01,2.784708353411901705e+00,2.784326250700008831e+00,2.764146420428874151e+00,2.785242447460872572e+00,2.762048087060121393e+00,2.723187859915417786e+00
7.200000000000000000e+01,2.784444846559223308e+00,2.783972055695223435e+00,2.763717546533407621e+00,2.785698677811188961e+00,2.761913415545055095e+00,2.725501562256217536e+00
7.300000000000000000e+01,2.784102751945692678e+00,2.783534222364876687e+00,2.763213299586453342e+00,2.786072278529164947e+00,2.761695697003237804e+00,2.727782055607284484e+00
7.400000000000000000e+01,2.783684099874989659e+00,2.783015004275863902e+00,2.762635950933919116e+00,2.786364927475866171e+00,2.761397307788358457e+00,2.730029311191084940e+00
7.500000000000000000e+01,2.783190864450544755e+00,2.782416576769003669e+00,2.761987680678116952e+00,2.786578266410406624e+00,2.761020538669340496e+00,2.732243296404806454e+00
7.600000000000000000e+01,2.782624964842779214e+00,2.781741040562047296e+00,2.761270581741856134e+00,2.786713902245117502e+00,2.760567597566991882e+00,2.734423977343346746e+00
7.700000000000000000e+01,2.781988266560206480e+00,2.780990425174876712e+00,2.760486663800330476e+00,2.786773408186857814e+00,2.760040612305195484e+00,2.736571320952630337e+00
7.800000000000000000e+01,2.781282582723147101e+00,2.780166692183876798e+00,2.759637857077371859e+00,2.786758324778551010e+00,2.759441633361328972e+00,2.738685296854173945e+00
7.900000000000000000e+01,2.780509675339536635e+00,2.779271738313445983e+00,2.758726016003338444e+00,2.786670160853621514e+00,2.758772636602764283e+00,2.740765878878570927e+00
8.000000000000000000e+01,2.779671256580850347e+00,2.778307398371429038e+00,2.757752922734915124e+00,2.786510394414833502e+00,2.758035525997900361e+00,2.742813046341329830e+00
8.100000000000000000e+01,2.778768990056189825e+00,2.777275448035080530e+00,2.756720290535844775e+00,2.786280473446581585e+00,2.757232136292166125e+00,2.744826785091206922e+00
8.200000000000000000e+01,2.777804492082771581e+00,2.776177606495080497e+00,2.755629767019771137e+00,2.785981816669855782e+00,2.756364235640179849e+00,2.746807088357991589e+00
8.300000000000000000e+01,2.776779332950403578e+00,2.775015538963668593e+00,2.754482937256468755e+00,2.785615814246922284e+00,2.755433528187513303e+00,2.748753957423670791e+00
8.400000000000000000e+01,2.775695038177866003e+00,2.773790859053404390e+00,2.753281326743787893e+00,2.785183828442065579e+00,2.754441656596302579e+00,2.750667402139151285e+00
8.500000000000000000e+01,2.774553089758997171e+00,2.772505131033075720e+00,2.752026404247904345e+00,2.784687194244439112e+00,2.753390204509597705e+00,2.752547441305281062e+00
8.600000000000000000e+01,2.773354927396501690e+00,2.771159871966605959e+00,2.750719584514611071e+00,2.784127219957697186e+00,2.752280698951004467e+00,2.754394102935743049e+00
8.700000000000000000e+01,2.772101949721201830e+00,2.769756553740483795e+00,2.749362230855063149e+00,2.783505187760806354e+00,2.751114612656869962e+00,2.756207424417643104e+00
8.800000000000000000e+01,2.770795515495307004e+00,2.768296604985943876e+00,2.747955657610189562e+00,2.782822354243877250e+00,2.749893366338397538e+00,2.757987452582814747e+00
8.900000000000000000e+01,2.769436944797957434e+00,2.766781412901046622e+00,2.746501132496469655e+00,2.782079950921946043e+00,2.748618330872393933e+00,2.759734243702978151e+00
9.000000000000000000e+01,2.768027520190869062e+00,2.765212324977639913e+00,2.744999878837898422e+00,2.781279184729799514e+00,2.747290829419853697e+00,2.761447863419185023e+00
9.100000000000000000e+01,2.766568487863552583e+00,2.763590650638707569e+00,2.743453077688170261e+00,2.780421238500335068e+00,2.745912139471645030e+00,2.763128386615189225e+00
9.200000000000000000e+01,2.765061058756535406e+00,2.761917662790419836e+00,2.741861869846843547e+00,2.779507271428216519e+00,2.744483494821572389e+00,2.764775897244262204e+00
9.300000000000000000e+01,2.763506409661290242e+00,2.760194599293738005e+00,2.740227357773995731e+00,2.778538419520998115e+00,2.743006087466860254e+00,2.766390488116117208e+00
9.400000000000000000e+01,2.761905684296132701e+00,2.758422664359994947e+00,2.738550607407181481e+00,2.777515796038874551e+00,2.741481069436779272e+00,2.767972260651164085e+00
9.500000000000000000e+01,2.760259994357765034e+00,2.756603029874254318e+00,2.736832649885428292e+00,2.776440491924829779e+00,2.739909554550600479e+00,2.769521324608418933e+00
9.600000000000000000e+01,2.758570420547099111e+00,2.754736836650848453e+00,2.735074483183669525e+00,2.775313576225887591e+00,2.738292620106059783e+00,2.771037797791938484e+00
9.700000000000000000e+01,2.756838013569121504e+00,2.752825195624834187e+00,2.733277073662382595e+00,2.774136096506570670e+00,2.736631308498852277e+00,2.772521805740564282e+00
9.800000000000000000e+01,2.755063795107068447e+00,2.750869188982624891e+00,2.731441357535692838e+00,2.772909079255317710e+00,2.734926628775811608e+00,2.773973481405219488e+00
9.900000000000000000e+01,2.753248758769902160e+00,2.748869871235473994e+00,2.729568242262130795e+00,2.771633530284663749e+00,2.733179558122864616e+00,2.775392964817237740e+00
1.000000000000000000e+02,2.751393871012930870e+00,2.746828270238843572e+00,2.727658607862026408e+00,2.770310435125538984e+00,2.731391043289059350e+00,2.776780402750771870e+00
1.010000000000000000e+02,2.749500072032516229e+00,2.744745388161236921e+00,2.725713308164535054e+00,2.768940759416003594e+00,2.729562001949352279e+00,2.778135948382329801e+00
1.020000000000000000e+02,2.747568276633885809e+00,2.742622202404774612e+00,2.723733171988641288e+00,2.767525449285175743e+00,2.727693324007314235e+00,2.779459760949609670e+00
1.030000000000000000e+02,2.745599375072239390e+00,2.740459666480028034e+00,2.721719004260453989e+00,2.766065431732228408e+00,2.725785872839850299e+00,2.780752005411182282e+00
1.040000000000000000e+02,2.743594233868718035e+00,2.738258710838979759e+00,2.719671587071282204e+00,2.764561615000955985e+00,2.723840486486105217e+00,2.782012852109824408e+00
1.050000000000000000e+02,2.741553696599537293e+00,2.736020243667315111e+00,2.717591680678802746e+00,2.763014888949722803e+00,2.721857978781956788e+00,2.783242476440093149e+00
1.060000000000000000e+02,2.739478584660021365e+00,2.733745151638482085e+00,2.715480024454224317e+00,2.761426125417369981e+00,2.719839140442589454e+00,2.784441058521761825e+00
1.070000000000000000e+02,2.737369698003792262e+00,2.731434300632236134e+00,2.713337337779233582e+00,2.759796178584726256e+00,2.717784740094419949e+00,2.785608782880135692e+00
1.080000000000000000e+02,2.735227815856543732e+00,2.729088536419531863e+00,2.711164320894386304e+00,2.758125885331689453e+00,2.715695525259179011e+00,2.786745838133815933e+00
1.090000000000000000e+02,2.733053697406782057e+00,2.726708685315441638e+00,2.708961655702165405e+00,2.756416065590673092e+00,2.713572223291238039e+00,2.787852416691583457e+00
1.100000000000000000e+02,2.730848082471890592e+00,2.724295554801668739e+00,2.706730006527270138e+00,2.754667522695525506e+00,2.711415542269911327e+00,2.788928714457400648e+00
1.110000000000000000e+02,2.728611692141075906e+00,2.721849934121549630e+00,2.704470020836271082e+00,2.752881043725929455e+00,2.709226171849595133e+00,2.789974930545445986e+00
1.120000000000000000e+02,2.726345229396588188e+00,2.719372594847786484e+00,2.702182329918777715e+00,2.751057399847968821e+00,2.707004784067994052e+00,2.790991267004698351e+00
1.130000000000000000e+02,2.724049379712365937e+00,2.716864291424665012e+00,2.699867549532675604e+00,2.749197346650170459e+00,2.704752034115977199e+00,2.791977928553516453e+00
1.140000000000000000e+02,2.721724811631302199e+00,2.714325761687541583e+00,2.697526280515238017e+00,2.747301624475180670e+00,2.702468561068914532e+00,2.792935122324439856e+00
1.150000000000000000e+02,2.719372177321566664e+00,2.711757727358652836e+00,2.695159109361930039e+00,2.745370958746952361e+00,2.700154988582044169e+00,2.793863057619169865e+00
1.160000000000000000e+02,2.716992113113037899e+00,2.709160894522343099e+00,2.692766608774993298e+00,2.743406060293042348e+00,2.697811925551849566e+00,2.794761945673732040e+00
1.170000000000000000e+02,2.714585240014095291e+00,2.706535954080434347e+00,2.690349338183286143e+00,2.741407625662894088e+00,2.695439966743876870e+00,2.795631999433796366e+00
1.180000000000000000e+02,2.712152164209545635e+00,2.703883582187956325e+00,2.687907844235406518e+00,2.739376337441212783e+00,2.693039693389623235e+00,2.796473433340472159e+00
1.190000000000000000e+02,2.709693477539589779e+00,2.701204440671776119e+00,2.685442661267068321e+00,2.737312864556065595e+00,2.690611673752897559e+00,2.797286463125463474e+00
1.200000000000000000e+02,2.707209757961552388e+00,2.698499177431384233e+00,2.682954311744680798e+00,2.735217862582983717e+00,2.688156463667907392e+00,2.798071305616502524e+00
1.210000000000000000e+02,2.704701569994758525e+00,2.695768426824402653e+00,2.680443306686505878e+00,2.733091974043692751e+00,2.685674607049787443e+00,2.798828178552204893e+00
1.220000000000000000e+02,2.702169465147894023e+00,2.693012810036762072e+00,2.677910146062433938e+00,2.730935828699548207e+00,2.683166636378989445e+00,2.799557300406279481e+00
1.230000000000000000e+02,2.699613982330953288e+00,2.690232935438139350e+00,2.675355319173312374e+00,2.728750043840853401e+00,2.680633073161189373e+00,2.800258890221139385e+00
1.240000000000000000e+02,2.697035648251852269e+00,2.687429398924079393e+00,2.672779305011971029e+00,2.726535224570214577e+00,2.678074428363293347e+00,2.800933167450267103e+00
1.250000000000000000e+02,2.694434977797913966e+00,2.684602784244987994e+00,2.670182572606529803e+00,2.724291964081674067e+00,2.675491202827214643e+00,2.801580351808960145e+00
1.260000000000000000e+02,2.691812474402933475e+00,2.681753663323346526e+00,2.667565581346151404e+00,2.722020843933874890e+00,2.672883887661507973e+00,2.802200663133897596e+00
1.270000000000000000e+02,2.689168630400843529e+00,2.678882596558457951e+00,2.664928781291836746e+00,2.719722434318291526e+00,2.670252964613728075e+00,2.802794321250595910e+00
1.280000000000000000e+02,2.686503927365951672e+00,2.675990133121015191e+00,2.662272613471797555e+00,2.717397294322927426e+00,2.667598906422806948e+00,2.803361545848622072e+00
1.290000000000000000e+02,2.683818836439733513e+00,2.673076811236636985e+00,2.659597510163219880e+00,2.715045972189729095e+00,2.664922177152726501e+00,2.803902556364544107e+00
1.300000000000000000e+02,2.681113818646499780e+00,2.670143158459122201e+00,2.656903895160307005e+00,2.712669005567934111e+00,2.662223232509596471e+00,2.804417571871621551e+00
1.310000000000000000e+02,2.678389325196645299e+00,2.667189691935505813e+00,2.654192184030183643e+00,2.710266921761391945e+00,2.659502520141247217e+00,2.804906810977182641e+00
1.320000000000000000e+02,2.675645797778211321e+00,2.664216918660397670e+00,2.651462784357306202e+00,2.707840237970460251e+00,2.656760479921711049e+00,2.805370491725973636e+00
1.330000000000000000e+02,2.672883668838312854e+00,2.661225335722395613e+00,2.648716095975991003e+00,2.705389461529950523e+00,2.653997544220351834e+00,2.805808831510199219e+00
1.340000000000000000e+02,2.670103361853493951e+00,2.658215430543169333e+00,2.645952511193063295e+00,2.702915090140938670e+00,2.651214138156897882e+00,2.806222046985917373e+00
1.350000000000000000e+02,2.667305291590382321e+00,2.655187681106958575e+00,2.643172415000790920e+00,2.700417612097150588e+00,2.648410679843276938e+00,2.806610353994718476e+00
1.360000000000000000e+02,2.664489864356167192e+00,2.652142556183783917e+00,2.640376185279907251e+00,2.697897506507132004e+00,2.645587580612200895e+00,2.806973967491513733e+00
1.370000000000000000e+02,2.661657478240778918e+00,2.649080515545519710e+00,2.637564192994293233e+00,2.695355243510895615e+00,2.642745245234153106e+00,2.807313101476935913e+00
1.380000000000000000e+02,2.658808523349291075e+00,2.646002010174278052e+00,2.634736802377195986e+00,2.692791284491333759e+00,2.639884072122474112e+00,2.807627968935705098e+00
1.390000000000000000e+02,2.655943382025825805e+00,2.642907482464914803e+00,2.631894371109440023e+00,2.690206082280764743e+00,2.637004453528022374e+00,2.807918781779464634e+00
1.400000000000000000e+02,2.653062429070002004e+00,2.639797366421232194e+00,2.629037250490730671e+00,2.687600081362796711e+00,2.634106775723371374e+00,2.808185750793594337e+00
1.410000000000000000e+02,2.650166031944825473e+00,2.636672087846017920e+00,2.626165785602996738e+00,2.684973718069158632e+00,2.631191419176967194e+00,2.808429085589069452e+00
1.420000000000000000e+02,2.647254550977326204e+00,2.633532064525224481e+00,2.623280315468231816e+00,2.682327420770890480e+00,2.628258758718645005e+00,2.808648994558390566e+00
1.430000000000000000e+02,2.644328339551631490e+00,2.630377706406773264e+00,2.620381173199512581e+00,2.679661610066164545e+00,2.625309163696190495e+00,2.808845684835100442e+00
1.440000000000000000e+02,2.641387744295873308e+00,2.627209415774009127e+00,2.617468686145349999e+00,2.676976698962792334e+00,2.622342998123577740e+00,2.809019362257103136e+00
1.450000000000000000e+02,2.638433105261782430e+00,2.624027587414329510e+00,2.614543176029945570e+00,2.674273093055024919e+00,2.619360620821225449e+00,2.809170231333987910e+00
1.460000000000000000e+02,2.635464756097766426e+00,2.620832608782261097e+00,2.611604959086866184e+00,2.671551190697619926e+00,2.616362385549729552e+00,2.809298495216555835e+00
1.470000000000000000e+02,2.632483024216341061e+00,2.617624860158554334e+00,2.608654346187810447e+00,2.668811383173994134e+00,2.613348641135742501e+00,2.809404355670580333e+00
1.480000000000000000e+02,2.629488230955797423e+00,2.614404714804338781e+00,2.605691642967304489e+00,2.666054054860677258e+00,2.610319731591420389e+00,2.809488013053073718e+00
1.490000000000000000e+02,2.626480691735533224e+00,2.611172539111136004e+00,2.602717149942141095e+00,2.663279583387045957e+00,2.607275996228304749e+00,2.809549666291152548e+00
1.500000000000000000e+02,2.623460716206392984e+00,2.607928692746125154e+00,2.599731162626572889e+00,2.660488339790628043e+00,2.604217769764840540e+00,2.809589512863789107e+00
1.510000000000000000e+02,2.620428608396255132e+00,2.604673528794188453e+00,2.596733971643438110e+00,2.657680688669026736e+00,2.601145382428319941e+00,2.809607748785940551e+00
1.520000000000000000e+02,2.617384666849499997e+00,2.601407393895910136e+00,2.593725862831737228e+00,2.654856988326630418e+00,2.598059160051819028e+00,2.809604568595137408e+00
1.530000000000000000e+02,2.614329184763014347e+00,2.598130628380798335e+00,2.590707117350168787e+00,2.652017590918046341e+00,2.594959424166308537e+00,2.809580165339606861e+00
1.540000000000000000e+02,2.611262450116525358e+00,2.594843566398228774e+00,2.587678011776645359e+00,2.649162842587421185e+00,2.591846492087858778e+00,2.809534730569574368e+00
1.550000000000000000e+02,2.608184745798972415e+00,2.591546536043995985e+00,2.584638818205465594e+00,2.646293083603564522e+00,2.588720677000765580e+00,2.809468454329404619e+00
1.560000000000000000e+02,2.605096349731160554e+00,2.588239859483894012e+00,2.581589804340679972e+00,2.643408648491896606e+00,2.585582288036333498e+00,2.809381525152062409e+00
1.570000000000000000e+02,2.601997534983063520e+00,2.584923853073888722e+00,2.578531233585947824e+00,2.640509866162069841e+00,2.582431630348021478e+00,2.809274130055066987e+00
1.580000000000000000e+02,2.598888569888451183e+00,2.581598827477088687e+00,2.575463365132415472e+00,2.637597060032141449e+00,2.579269005182924790e+00,2.809146454538081539e+00
1.590000000000000000e+02,2.595769718155291006e+00,2.578265087777650066e+00,2.572386454043324555e+00,2.634670548149817382e+00,2.576094709949556361e+00,2.808998682582109829e+00
1.600000000000000000e+02,2.592641238972356987e+00,2.574922933591823337e+00,2.569300751335733768e+00,2.631730643309281081e+00,2.572909038282447991e+00,2.808830996649574807e+00
1.610000000000000000e+02,2.589503387112591426e+00,2.571572659175958897e+00,2.566206504060178695e+00,2.628777653165263573e+00,2.569712280104385460e+00,2.808643577686312565e+00
1.620000000000000000e+02,2.586356413033362944e+00,2.568214553531934730e+00,2.563103955377429966e+00,2.625811880344165683e+00,2.566504721685144652e+00,2.808436605123820762e+00
1.630000000000000000e+02,2.583200562972879144e+00,2.564848900509828056e+00,2.559993344633242351e+00,2.622833622550719390e+00,2.563286645697285593e+00,2.808210256883941547e+00
1.640000000000000000e+02,2.580036079044156772e+00,2.561475978907874484e+00,2.556874907430685795e+00,2.619843172672931875e+00,2.560058331270346876e+00,2.807964709383107493e+00
1.650000000000000000e+02,2.576863199325750919e+00,2.558096062570084150e+00,2.553748875700402987e+00,2.616840818883502617e+00,2.556820054042036272e+00,2.807700137538223562e+00
1.660000000000000000e+02,2.573682157949673588e+00,2.554709420480961057e+00,2.550615477768900075e+00,2.613826844737733968e+00,2.553572086207489100e+00,2.807416714773912858e+00
1.670000000000000000e+02,2.570493185186492724e+00,2.551316316858660560e+00,2.547474938424791002e+00,2.610801529269734189e+00,2.550314696566118755e+00,2.807114613029041195e+00
1.680000000000000000e+02,2.567296507527872862e+00,2.547917011245262486e+00,2.544327478983060775e+00,2.607765147084803559e+00,2.547048150566931568e+00,2.806794002765828022e+00
1.690000000000000000e+02,2.564092347766719460e+00,2.544511758594712791e+00,2.541173317347602989e+00,2.604717968449373089e+00,2.543772710351975164e+00,2.806455052977992359e+00
1.700000000000000000e+02,2.560880925074685788e+00,2.541100809359218893e+00,2.538012668072130218e+00,2.601660259378751672e+00,2.540488634797471779e+00,2.806097931200483675e+00
1.710000000000000000e+02,2.557662455077315933e+00,2.537684409572461774e+00,2.534845742419061132e+00,2.598592281721920472e+00,2.537196179554380038e+00,2.805722803519820285e+00
1.720000000000000000e+02,2.554437149926863437e+00,2.534262800932081117e+00,2.531672748417418184e+00,2.595514293243948334e+00,2.533895597086788243e+00,2.805329834583784265e+00
1.730000000000000000e+02,2.551205218373350903e+00,2.530836220879648213e+00,2.528493890918501297e+00,2.592426547705958040e+00,2.530587136708715601e+00,2.804919187612947784e+00
1.740000000000000000e+02,2.547966865832962391e+00,2.527404902678045406e+00,2.525309371650451773e+00,2.589329294942972925e+00,2.527271044620571061e+00,2.804491024411872147e+00
1.750000000000000000e+02,2.544722294454934808e+00,2.523969075487940028e+00,2.522119389271395118e+00,2.586222780939115395e+00,2.523947563942929850e+00,2.804045505380792225e+00
1.760000000000000000e+02,2.541471703186103159e+00,2.520528964442110276e+00,2.518924139420980257e+00,2.583107247900886527e+00,2.520616934750677274e+00,2.803582789527707231e+00
1.770000000000000000e+02,2.538215287833741396e+00,2.517084790717748710e+00,2.515723814770613131e+00,2.579982934328905575e+00,2.517279394105639057e+00,2.803103034480532330e+00
1.780000000000000000e+02,2.534953241126254753e+00,2.513636771607520526e+00,2.512518605073037925e+00,2.576850075086072334e+00,2.513935176086989465e+00,2.802606396499874641e+00
1.790000000000000000e+02,2.531685752772887987e+00,2.510185120588702024e+00,2.509308697209636119e+00,2.573708901465060261e+00,2.510584511822397058e+00,2.802093030491826120e+00
1.800000000000000000e+02,2.528413009521256694e+00,2.506730047390559157e+00,2.506094275237248148e+00,2.570559641253880478e+00,2.507227629518054890e+00,2.801563090020643632e+00
1.810000000000000000e+02,2.525135195212864225e+00,2.503271758060532814e+00,2.502875520433781809e+00,2.567402518798654665e+00,2.503864754486716748e+00,2.801016727321957944e+00
1.820000000000000000e+02,2.521852490837940497e+00,2.499810455028688150e+00,2.499652611342117581e+00,2.564237755065409186e+00,2.500496109176144177e+00,2.800454093316337101e+00
1.830000000000000000e+02,2.518565074587757024e+00,2.496346337170963547e+00,2.496425723814148512e+00,2.561065567699640333e+00,2.497121913196711063e+00,2.799875337622559801e+00
1.840000000000000000e+02,2.515273121906561382e+00,2.492879599869987750e+00,2.493195031052579669e+00,2.557886171084791549e+00,2.493742383347555602e+00,2.799280608570590356e+00
1.850000000000000000e+02,2.511976805541432434e+00,2.489410435076078176e+00,2.489960703652254193e+00,2.554699776398590139e+00,2.490357733643553839e+00,2.798670053215687403e+00
1.860000000000000000e+02,2.508676295590666960e+00,2.485939031365876684e+00,2.486722909640314505e+00,2.551506591667737744e+00,2.486968175340447562e+00,2.798043817351688389e+00
1.870000000000000000e+02,2.505371759551136446e+00,2.482465573999678377e+00,2.483481814515959396e+00,2.548306821821450630e+00,2.483573916959540107e+00,2.797402045524316261e+00
1.880000000000000000e+02,2.502063362364592702e+00,2.478990244977703927e+00,2.480237581288843529e+00,2.545100668743527805e+00,2.480175164312933500e+00,2.796744881045429842e+00
1.890000000000000000e+02,2.498751266462297504e+00,2.475513223095370474e+00,2.476990370516262363e+00,2.541888331322858186e+00,2.476772120527688692e+00,2.796072466005906421e+00
1.900000000000000000e+02,2.495435631808606836e+00,2.472034683996665816e+00,2.473740340340059074e+00,2.538670005502367655e+00,2.473364986069052751e+00,2.795384941289483560e+00
1.910000000000000000e+02,2.492116615943794855e+00,2.468554800227114487e+00,2.470487646522982139e+00,2.535445884327225841e+00,2.469953958763956070e+00,2.794682446586314928e+00
1.920000000000000000e+02,2.488794374024724032e+00,2.465073741285232600e+00,2.467232442483553445e+00,2.532216157990911043e+00,2.466539233824561972e+00,2.793965120406207703e+00
1.930000000000000000e+02,2.485469058865964254e+00,2.461591673672609115e+00,2.463974879330065981e+00,2.528981013881197004e+00,2.463121003870381021e+00,2.793233100092129995e+00
1.940000000000000000e+02,2.482140820978751883e+00,2.458108760944059945e+00,2.460715105894680566e+00,2.525740636623800661e+00,2.459699458950494577e+00,2.792486521833364321e+00
1.950000000000000000e+02,2.478809808609172549e+00,2.454625163754637907e+00,2.457453268766463417e+00,2.522495208125786537e+00,2.456274786566247315e+00,2.791725520679035899e+00
1.960000000000000000e+02,2.475476167775737313e+00,2.451141039907690278e+00,2.454189512322867639e+00,2.519244907617276041e+00,2.452847171692995154e+00,2.790950230550661271e+00
1.970000000000000000e+02,2.472140042305686958e+00,2.447656544401227041e+00,2.450923978762097555e+00,2.515989911692477765e+00,2.449416796801212826e+00,2.790160784255781845e+00
1.980000000000000000e+02,2.468801573870467614e+00,2.444171829472749025e+00,2.447656808133672257e+00,2.512730394349492524e+00,2.445983841878125009e+00,2.789357313500805624e+00
1.990000000000000000e+02,2.465460902020232936e+00,2.440687044643952586e+00,2.444388138368418950e+00,2.509466527029068139e+00,2.442548484449245549e+00,2.788539948902921672e+00
2.000000000000000000e+02,2.462118164218088712e+00,2.437202336764233035e+00,2.441118105308670128e+00,2.506198478653088646e+00,2.439110899598794902e+00,2.787708820003690580e+00
2.010000000000000000e+02,2.458773495872643267e+00,2.433717850052867782e+00,2.437846842736769659e+00,2.502926415660832848e+00,2.435671259990716209e+00,2.786864055281658370e+00
2.020000000000000000e+02,2.455427030370514352e+00,2.430233726140969885e+00,2.434574482404027407e+00,2.499650502045504208e+00,2.432229735889575917e+00,2.786005782163768263e+00
2.030000000000000000e+02,2.452078899107406507e+00,2.426750104112671558e+00,2.431301154058255420e+00,2.496370899389780185e+00,2.428786495181038951e+00,2.785134127038361385e+00
2.040000000000000000e+02,2.448729231519148897e+00,2.423267120545045561e+00,2.428026985471196664e+00,2.493087766899907187e+00,2.425341703391615589e+00,2.784249215267540212e+00
2.050000000000000000e+02,2.445378155111727292e+00,2.419784909546967011e+00,2.424752102465612680e+00,2.489801261439620994e+00,2.421895523709622022e+00,2.783351171198285900e+00
2.060000000000000000e+02,2.442025795490086804e+00,2.416303602798304251e+00,2.421476628941499953e+00,2.486511537563041774e+00,2.418448117005408626e+00,2.782440118174689836e+00
2.070000000000000000e+02,2.438672276387506610e+00,2.412823329587457266e+00,2.418200686901758711e+00,2.483218747546673377e+00,2.414999641850138268e+00,2.781516178549760188e+00
2.080000000000000000e+02,2.435317719693065541e+00,2.409344216848257059e+00,2.414924396477868385e+00,2.479923041421345786e+00,2.411550254537354387e+00,2.780579473696868753e+00
2.090000000000000000e+02,2.431962245479336815e+00,2.405866389196317012e+00,2.411647875954539444e+00,2.476624567003051336e+00,2.408100109101851682e+00,2.779630124020938009e+00
2.100000000000000000e+02,2.428605972028667903e+00,2.402389968965196854e+00,2.408371241794220019e+00,2.473323469922673823e+00,2.404649357339343485e+00,2.778668248969525578e+00
2.110000000000000000e+02,2.425249015859668233e+00,2.398915076241063371e+00,2.405094608661183742e+00,2.470019893655790888e+00,2.401198148826706458e+00,2.777693967044325696e+00
2.120000000000000000e+02,2.421891491753477510e+00,2.395441828896769820e+00,2.401818089444991422e+00,2.466713979552106917e+00,2.397746630940701174e+00,2.776707395811621293e+00
2.130000000000000000e+02,2.418533512777684358e+00,2.391970342626052570e+00,2.398541795283983369e+00,2.463405866862891980e+00,2.394294948878526341e+00,2.775708651913119773e+00
2.140000000000000000e+02,2.415175190311402709e+00,2.388500730976734765e+00,2.395265835587310210e+00,2.460095692769751707e+00,2.390843245676330220e+00,2.774697851076611599e+00
2.150000000000000000e+02,2.411816634069535503e+00,2.385033105382859731e+00,2.391990318058174303e+00,2.456783592411570627e+00,2.387391662228882883e+00,2.773675108126067990e+00
2.160000000000000000e+02,2.408457952125815815e+00,2.381567575196526398e+00,2.388715348715383158e+00,2.453469698910943908e+00,2.383940337309192081e+00,2.772640536992042826e+00
2.170000000000000000e+02,2.405099250936375999e+00,2.378104247720103093e+00,2.385441031914959709e+00,2.450154143400943063e+00,2.380489407587118578e+00,2.771594250722171804e+00
2.180000000000000000e+02,2.401740635361985454e+00,2.374643228235907788e+00,2.382167470371551854e+00,2.446837055050572918e+00,2.377039007649174973e+00,2.770536361490424149e+00
2.190000000000000000e+02,2.398382208690292838e+00,2.371184620037365853e+00,2.378894765179031978e+00,2.443518561090225027e+00,2.373589270017468333e+00,2.769466980606783757e+00
2.200000000000000000e+02,2.395024072657101932e+00,2.367728524458736938e+00,2.375623015832001084e+00,2.440198786836787370e+00,2.370140325168189843e+00,2.768386218527607578e+00
2.210000000000000000e+02,2.391666327468266129e+00,2.364275040903575764e+00,2.372352320244945911e+00,2.436877855717685559e+00,2.366692301551563737e+00,2.767294184864618423e+00
2.220000000000000000e+02,2.388309071820782226e+00,2.360824266874373745e+00,2.369082774772499622e+00,2.433555889294978236e+00,2.363245325610386249e+00,2.766190988393849803e+00
2.230000000000000000e+02,2.384952402922209558e+00,2.357376298000779968e+00,2.365814474229447129e+00,2.430233007289325009e+00,2.359799521798542354e+00,2.765076737065142343e+00
2.240000000000000000e+02,2.381596416511367220e+00,2.353931228066734160e+00,2.362547511909998565e+00,2.426909327602705169e+00,2.356355012600749976e+00,2.763951538011330200e+00
2.250000000000000000e+02,2.378241206877985015e+00,2.350489149038406111e+00,2.359281979606440593e+00,2.423584966341747027e+00,2.352911918550423476e+00,2.762815497556853739e+00
2.260000000000000000e+02,2.374886866881917413e+00,2.347050151090931180e+00,2.356017967627912491e+00,2.420260037840038070e+00,2.349470358248956892e+00,2.761668721225843726e+00
2.270000000000000000e+02,2.371533487972459664e+00,2.343614322634909541e+00,2.352755564819469569e+00,2.416934654680250816e+00,2.346030448384776701e+00,2.760511313751705220e+00
2.280000000000000000e+02,2.368181160206671354e+00,2.340181750342449796e+00,2.349494858579575407e+00,2.413608927715842345e+00,2.342592303751108496e+00,2.759343379085065440e+00
2.290000000000000000e+02,2.364829972267530334e+00,2.336752519172629938e+00,2.346235934878254881e+00,2.410282966092640589e+00,2.339156037264994215e+00,2.758165020401103007e+00
2.300000000000000000e+02,2.361480011482186114e+00,2.333326712397187030e+00,2.342978878275202792e+00,2.406956877270263195e+00,2.335721759986385759e+00,2.756976340109144719e+00
2.310000000000000000e+02,2.358131363839701233e+00,2.329904411624874161e+00,2.339723771936733421e+00,2.403630767042713057e+00,2.332289581135748247e+00,2.755777439859907751e+00
2.320000000000000000e+02,2.354784114008076745e+00,2.326485696825761895e+00,2.336470697653098227e+00,2.400304739558829059e+00,2.328859608112842761e+00,2.754568420552842678e+00
2.330000000000000000e+02,2.351438345351723136e+00,2.323070646356096614e+00,2.333219735855299515e+00,2.396978897342633363e+00,2.325431946515445158e+00,2.753349382344457030e+00
2.340000000000000000e+02,2.348094139947856096e+00,2.319659336981497511e+00,2.329970965632218949e+00,2.393653341313743965e+00,2.322006700157197123e+00,2.752120424655769781e+00
2.350000000000000000e+02,2.344751578603061937e+00,2.316251843900033691e+00,2.326724464746787735e+00,2.390328170806591324e+00,2.318583971086321416e+00,2.750881646179474949e+00
2.360000000000000000e+02,2.341410740869995344e+00,2.312848240765511321e+00,2.323480309652096842e+00,2.387003483589989372e+00,2.315163859603277974e+00,2.749633144887387637e+00
2.370000000000000000e+02,2.338071705062778616e+00,2.309448599710163919e+00,2.320238575507917123e+00,2.383679375886507135e+00,2.311746464279151425e+00,2.748375018037351847e+00
2.380000000000000000e+02,2.334734548272747734e+00,2.306052991367233407e+00,2.316999336196349457e+00,2.380355942391315427e+00,2.308331881974255761e+00,2.747107362180407186e+00
2.390000000000000000e+02,2.331399346384436466e+00,2.302661484892480015e+00,2.313762664337436270e+00,2.377033276291277808e+00,2.304920207855376102e+00,2.745830273167744195e+00
2.400000000000000000e+02,2.328066174090412499e+00,2.299274147985819194e+00,2.310528631304447078e+00,2.373711469282675512e+00,2.301511535413971909e+00,2.744543846157602385e+00
2.410000000000000000e+02,2.324735104906014094e+00,2.295891046912890587e+00,2.307297307239438044e+00,2.370390611590106111e+00,2.298105956484358892e+00,2.743248175621393781e+00
2.420000000000000000e+02,2.321406211184344315e+00,2.292512246526302366e+00,2.304068761068171600e+00,2.367070791984497546e+00,2.294703561261137725e+00,2.741943355350524580e+00
2.430000000000000000e+02,2.318079564131514836e+00,2.289137810286183683e+00,2.300843060515087135e+00,2.363752097800509322e+00,2.291304438317365744e+00,2.740629478463145752e+00
2.440000000000000000e+02,2.314755233819953961e+00,2.285767800280330775e+00,2.297620272117915530e+00,2.360434614954797894e+00,2.287908674621737859e+00,2.739306637410037215e+00
2.450000000000000000e+02,2.311433289202434516e+00,2.282402277244898858e+00,2.294400461241772771e+00,2.357118427962993756e+00,2.284516355556337253e+00,2.737974923980617259e+00
2.460000000000000000e+02,2.308113798127003236e+00,2.279041300584041085e+00,2.291183692094544977e+00,2.353803619956966742e+00,2.281127564934639196e+00,2.736634429309362293e+00
2.470000000000000000e+02,2.304796827349923749e+00,2.275684928389301032e+00,2.287970027740228840e+00,2.350490272701709848e+00,2.277742385018387328e+00,2.735285243881853123e+00
2.480000000000000000e+02,2.301482442549344754e+00,2.272333217459353349e+00,2.284759530112866699e+00,2.347178466612525938e+00,2.274360896535035703e+00,2.733927457540302974e+00
2.490000000000000000e+02,2.298170708338573398e+00,2.268986223318867346e+00,2.281552260031238788e+00,2.343868280771813861e+00,2.270983178695476390e+00,2.732561159489678371e+00
2.500000000000000000e+02,2.294861688279343781e+00,2.265644000237343914e+00,2.278348277211517559e+00,2.340559792945174689e+00,2.267609309210670165e+00,2.731186438302862562e+00
2.510000000000000000e+02,2.291555444894567195e+00,2.262306601247610516e+00,2.275147640281421246e+00,2.337253079597331418e+00,2.264239364309003300e+00,2.729803381926683592e+00
2.520000000000000000e+02,2.288252039681365702e+00,2.258974078164083910e+00,2.271950406793644905e+00,2.333948215908964396e+00,2.260873418753780228e+00,2.728412077687203396e+00
2.530000000000000000e+02,2.284951533123557255e+00,2.255646481601133679e+00,2.268756633238367737e+00,2.330645275792731397e+00,2.257511545859327118e+00,2.727012612294863914e+00
2.540000000000000000e+02,2.281653984703885030e+00,2.252323860990725457e+00,2.265566375057553206e+00,2.327344331908190789e+00,2.254153817508537383e+00,2.725605071850149219e+00
2.550000000000000000e+02,2.278359452916547845e+00,2.249006264599706206e+00,2.262379686656760924e+00,2.324045455678088068e+00,2.250800304169400690e+00,2.724189541848571317e+00
2.560000000000000000e+02,2.275067995279368205e+00,2.245693739547169443e+00,2.259196621418147810e+00,2.320748717303957598e+00,2.247451074911608782e+00,2.722766107185451645e+00
2.570000000000000000e+02,2.271779668345349723e+00,2.242386331822594947e+00,2.256017231714012805e+00,2.317454185780831288e+00,2.244106197423394899e+00,2.721334852161633400e+00
2.580000000000000000e+02,2.268494527714785214e+00,2.239084086301621479e+00,2.252841568917941295e+00,2.314161928912429111e+00,2.240765738027745702e+00,2.719895860487694161e+00
2.590000000000000000e+02,2.265212628047081456e+00,2.235787046762467867e+00,2.249669683418230370e+00,2.310872013326775942e+00,2.237429761698980446e+00,2.718449215289156840e+00
2.600000000000000000e+02,2.261934023071805022e+00,2.232495255903669484e+00,2.246501624629686944e+00,2.307584504490512778e+00,2.234098332079052174e+00,2.716994999111388420e+00
2.610000000000000000e+02,2.258658765600235263e+00,2.229208755359353145e+00,2.243337441005811339e+00,2.304299466723540579e+00,2.230771511493744530e+00,2.715533293923464875e+00
2.620000000000000000e+02,2.255386907536745422e+00,2.225927585715594237e+00,2.240177180050968886e+00,2.301016963213828870e+00,2.227449360968780212e+00,2.714064181123733821e+00
2.630000000000000000e+02,2.252118499889643299e+00,2.222651786526209428e+00,2.237020888331971324e+00,2.297737056031535996e+00,2.224131940245614114e+00,2.712587741543796227e+00
2.640000000000000000e+02,2.248853592782284139e+00,2.219381396328073741e+00,2.233868611490027245e+00,2.294459806143697822e+00,2.220819307797896158e+00,2.711104055453059658e+00
2.650000000000000000e+02,2.245592235463832242e+00,2.216116452657089120e+00,2.230720394252180494e+00,2.291185273427577052e+00,2.217511520846595641e+00,2.709613202563164513e+00
2.660000000000000000e+02,2.242334476319747694e+00,2.212856992062963268e+00,2.227576280443097190e+00,2.287913516685441628e+00,2.214208635375968459e+00,2.708115262032265047e+00
2.670000000000000000e+02,2.239080362882857944e+00,2.209603050124501866e+00,2.224436312995928144e+00,2.284644593658034406e+00,2.210910706149874727e+00,2.706610312469245549e+00
2.680000000000000000e+02,2.235829941843157087e+00,2.206354661464211109e+00,2.221300533964412516e+00,2.281378561037866071e+00,2.207617786725822207e+00,2.705098431937317915e+00
2.690000000000000000e+02,2.232583259058451119e+00,2.203111859762973523e+00,2.218168984533250843e+00,2.278115474483387359e+00,2.204329929471311011e+00,2.703579697959137107e+00
2.700000000000000000e+02,2.229340359564717211e+00,2.199874677774975140e+00,2.215041705029147323e+00,2.274855388632443631e+00,2.201047185579298127e+00,2.702054187520668282e+00
2.710000000000000000e+02,2.226101287585604993e+00,2.196643147341267976e+00,2.211918734932495134e+00,2.271598357115065969e+00,2.197769605082493083e+00,2.700521977073984115e+00
2.720000000000000000e+02,2.222866086543267894e+00,2.193417299404004872e+00,2.208800112887439493e+00,2.268344432566425262e+00,2.194497236868973911e+00,2.698983142542076052e+00
2.730000000000000000e+02,2.219634799067327080e+00,2.190197164020876386e+00,2.205685876712942139e+00,2.265093666641128323e+00,2.191230128697547741e+00,2.697437759323283224e+00
2.740000000000000000e+02,2.216407467004888332e+00,2.186982770378433472e+00,2.202576063413184126e+00,2.261846110024974710e+00,2.187968327211621933e+00,2.695885902293980951e+00
2.750000000000000000e+02,2.213184131430748547e+00,2.183774146805674832e+00,2.199470709187959283e+00,2.258601812447543544e+00,2.184711877954271131e+00,2.694327645812583771e+00
2.760000000000000000e+02,2.209964832656120759e+00,2.180571320787524581e+00,2.196369849443730704e+00,2.255360822695821721e+00,2.181460825383399360e+00,2.692763063723368600e+00
2.770000000000000000e+02,2.206749610237892067e+00,2.177374318977839618e+00,2.193273518803284361e+00,2.252123188626336869e+00,2.178215212885493024e+00,2.691192229360098054e+00
2.780000000000000000e+02,2.203538502989005110e+00,2.174183167212870860e+00,2.190181751115628739e+00,2.248888957177362258e+00,2.174975082790114644e+00,2.689615215549522542e+00
2.790000000000000000e+02,2.200331548987147112e+00,2.170997890523771900e+00,2.187094579466769328e+00,2.245658174380867234e+00,2.171740476384819374e+00,2.688032094614913881e+00
2.800000000000000000e+02,2.197128785583100097e+00,2.167818513149458504e+00,2.184012036189912020e+00,2.242430885375315430e+00,2.168511433928607790e+00,2.686442938379597578e+00
2.810000000000000000e+02,2.193930249410601885e+00,2.164645058549271361e+00,2.180934152874209886e+00,2.239207134417868783e+00,2.165287994665739735e+00,2.684847818170005063e+00
2.820000000000000000e+02,2.190735976395164375e+00,2.161477549415323995e+00,2.177860960374904398e+00,2.235986964895134932e+00,2.162070196840552683e+00,2.683246804819323650e+00
2.830000000000000000e+02,2.187546001762638248e+00,2.158316007684647708e+00,2.174792488824203840e+00,2.232770419336515211e+00,2.158858077710710699e+00,2.681639968671005736e+00
2.840000000000000000e+02,2.184360360048303029e+00,2.155160454551243276e+00,2.171728767639339530e+00,2.229557539424580348e+00,2.155651673560808224e+00,2.680027379581561675e+00
2.850000000000000000e+02,2.181179085104629323e+00,2.152010910478465266e+00,2.168669825532714590e+00,2.226348366006660751e+00,2.152451019715875713e+00,2.678409106923774097e+00
2.860000000000000000e+02,2.178002210110736581e+00,2.148867395210259712e+00,2.165615690521399017e+00,2.223142939107719318e+00,2.149256150555288070e+00,2.676785219590532172e+00
2.870000000000000000e+02,2.174829767580534590e+00,2.145729927782884960e+00,2.162566389936128264e+00,2.219941297939850067e+00,2.146067099525962973e+00,2.675155785997134217e+00
2.880000000000000000e+02,2.171661789370735285e+00,2.142598526537018433e+00,2.159521950430657977e+00,2.216743480914592723e+00,2.142883899154676808e+00,2.673520874085140164e+00
2.890000000000000000e+02,2.168498306689511601e+00,2.139473209128295306e+00,2.156482397991001498e+00,2.213549525653881300e+00,2.139706581062466029e+00,2.671880551324886444e+00
2.900000000000000000e+02,2.165339350104440008e+00,2.136353992538820190e+00,2.153447757944417340e+00,2.210359469000345189e+00,2.136535175976607803e+00,2.670234884718249546e+00
2.910000000000000000e+02,2.162184949550813418e+00,2.133240893088427903e+00,2.150418054967885517e+00,2.207173347028990484e+00,2.133369713744024843e+00,2.668583940802332410e+00
2.920000000000000000e+02,2.159035134339253315e+00,2.130133926445132442e+00,2.147393313097499590e+00,2.203991195057742658e+00,2.130210223344164433e+00,2.666927785652288829e+00
2.930000000000000000e+02,2.155889933164072403e+00,2.127033107636418396e+00,2.144373555737437709e+00,2.200813047657666388e+00,2.127056732900439950e+00,2.665266484883769493e+00
2.940000000000000000e+02,2.152749374110782821e+00,2.123938451059869781e+00,2.141358805667909149e+00,2.197638938663836861e+00,2.123909269693933677e+00,2.663600103655761941e+00
2.950000000000000000e+02,2.149613484663720708e+00,2.120849970493031478e+00,2.138349085053758536e+00,2.194468901185600007e+00,2.120767860175649666e+00,2.661928706674012712e+00
2.960000000000000000e+02,2.146482291714089996e+00,2.117767679104303191e+00,2.135344415453900524e+00,2.191302967616727049e+00,2.117632529978159095e+00,2.660252358193389899e+00
2.970000000000000000e+02,2.143355821567455521e+00,2.114691589463288945e+00,2.132344817828877748e+00,2.188141169646607320e+00,2.114503303927807831e+00,2.658571122020373156e+00
2.980000000000000000e+02,2.140234099950793389e+00,2.111621713550309476e+00,2.129350312549311841e+00,2.184983538268666425e+00,2.111380206057194453e+00,2.656885061516585100e+00
2.990000000000000000e+02,2.137117152020826971e+00,2.108558062766942243e+00,2.126360919404144845e+00,2.181830103791127407e+00,2.108263259617071839e+00,2.655194239600925599e+00
3.000000000000000000e+02,2.134005002370383597e+00,2.105500647945552917e+00,2.123376657609175933e+00,2.178680895847573851e+00,2.105152487087369018e+00,2.653498718752008489e+00
3.010000000000000000e+02,2.130897675036075967e+00,2.102449479359266959e+00,2.120397545814965756e+00,2.175535943405664696e+00,2.102047910189266844e+00,2.651798561011346145e+00
3.020000000000000000e+02,2.127795193505702898e+00,2.099404566731370547e+00,2.117423602114256287e+00,2.172395274777181751e+00,2.098949549897254574e+00,2.650093827985599670e+00
3.030000000000000000e+02,2.124697580724776991e+00,2.096365919244423726e+00,2.114454844050555504e+00,2.169258917627231220e+00,2.095857426449835526e+00,2.648384580849231451e+00
3.040000000000000000e+02,2.121604859104529339e+00,2.093333545550366992e+00,2.111491288625872986e+00,2.166126898984351623e+00,2.092771559360739886e+00,2.646670880347259391e+00
3.050000000000000000e+02,2.118517050528131662e+00,2.090307453779063795e+00,2.108532952308154407e+00,2.162999245249499936e+00,2.089691967430836517e+00,2.644952786797581723e+00
3.060000000000000000e+02,2.115434176357179119e+00,2.087287651547582890e+00,2.105579851039085515e+00,2.159875982204932043e+00,2.086618668758516204e+00,2.643230360093001163e+00
3.070000000000000000e+02,2.112356257439696794e+00,2.084274145969509551e+00,2.102632000242116828e+00,2.156757135023474437e+00,2.083551680750655333e+00,2.641503659704691920e+00
3.080000000000000000e+02,2.109283314116243258e+00,2.081266943663550695e+00,2.099689414829096989e+00,2.153642728278242657e+00,2.080491020134223934e+00,2.639772744684110162e+00
3.090000000000000000e+02,2.106215366225966168e+00,2.078266050761667927e+00,2.096752109208182446e+00,2.150532785950578507e+00,2.077436702966089843e+00,2.638037673665152738e+00
3.100000000000000000e+02,2.103152433114624298e+00,2.075271472918561066e+00,2.093820097291624993e+00,2.147427331439179632e+00,2.074388744643309579e+00,2.636298504867035764e+00
3.110000000000000000e+02,2.100094533640033845e+00,2.072283215319969951e+00,2.090893392502197745e+00,2.144326387569162939e+00,2.071347159915037484e+00,2.634555296096124266e+00
3.120000000000000000e+02,2.097041686178765740e+00,2.069301282691029087e+00,2.087972007780727335e+00,2.141229976599937412e+00,2.068311962892092737e+00,2.632808104748886269e+00
3.130000000000000000e+02,2.093993908632519219e+00,2.066325679304089391e+00,2.085055955593551502e+00,2.138138120234600592e+00,2.065283167056582769e+00,2.631056987813856107e+00
3.140000000000000000e+02,2.090951218434728531e+00,2.063356408987133683e+00,2.082145247939386490e+00,2.135050839627627983e+00,2.062260785272678199e+00,2.629302001874022743e+00
3.150000000000000000e+02,2.087913632556821497e+00,2.060393475132655805e+00,2.079239896355709050e+00,2.131968155393432873e+00,2.059244829796910814e+00,2.627543203109016012e+00
3.160000000000000000e+02,2.084881167514046840e+00,2.057436880704143434e+00,2.076339911926141646e+00,2.128890087614941695e+00,2.056235312287755246e+00,2.625780647297542902e+00
3.170000000000000000e+02,2.081853839371607950e+00,2.054486628244997615e+00,2.073445305287789697e+00,2.125816655850662595e+00,2.053232243814663516e+00,2.624014389819787407e+00
3.180000000000000000e+02,2.078831663750971614e+00,2.051542719885805610e+00,2.070556086637107551e+00,2.122747879143600969e+00,2.050235634869025159e+00,2.622244485658943081e+00
3.190000000000000000e+02,2.075814655836326406e+00,2.048605157351840678e+00,2.067672265736579362e+00,2.119683776029722022e+00,2.047245495373343882e+00,2.620470989403827389e+00
3.200000000000000000e+02,2.072802830379122607e+00,2.045673941971231979e+00,2.064793851922118950e+00,2.116624364543801207e+00,2.044261834689987456e+00,2.618693955251438332e+00
3.210000000000000000e+02,2.069796201705441874e+00,2.042749074681823984e+00,2.061920854109034806e+00,2.113569662228738988e+00,2.041284661630914155e+00,2.616913437008937748e+00
3.220000000000000000e+02,2.066794783721332518e+00,2.039830556038209064e+00,2.059053280798386343e+00,2.110519686143291107e+00,2.038313984467398754e+00,2.615129488095213617e+00
3.230000000000000000e+02,2.063798589917561710e+00,2.036918386219446209e+00,2.056191140083510227e+00,2.107474452868545178e+00,2.035349810938859694e+00,2.613342161543425579e+00
3.240000000000000000e+02,2.060807633376856352e+00,2.034012565036266373e+00,2.053334439656407273e+00,2.104433978516187409e+00,2.032392148261612075e+00,2.611551510003454535e+00
3.250000000000000000e+02,2.057821926778787613e+00,2.031113091937969184e+00,2.050483186814277214e+00,2.101398278735016500e+00,2.029441003137451460e+00,2.609757585743764707e+00
3.260000000000000000e+02,2.054841482404616393e+00,2.028219966018583342e+00,2.047637388464626174e+00,2.098367368719489701e+00,2.026496381763227994e+00,2.607960440653069867e+00
3.270000000000000000e+02,2.051866312144606130e+00,2.025333186024511622e+00,2.044797051132614119e+00,2.095341263216128791e+00,2.023558289839931579e+00,2.606160126242923258e+00
3.280000000000000000e+02,2.048896427501474715e+00,2.022452750361547924e+00,2.041962180966311102e+00,2.092319976529980252e+00,2.020626732579421159e+00,2.604356693649675147e+00
3.290000000000000000e+02,2.045931839596743185e+00,2.019578657100401742e+00,2.039132783742912292e+00,2.089303522532745649e+00,2.017701714714597472e+00,2.602550193636084419e+00
3.300000000000000000e+02,2.042972559176750913e+00,2.016710903984106018e+00,2.036308864874901481e+00,2.086291914669124115e+00,2.014783240507238560e+00,2.600740676594256229e+00
3.310000000000000000e+02,2.040018596616078206e+00,2.013849488433554047e+00,2.033490429415167444e+00,2.083285165963568719e+00,2.011871313755927204e+00,2.598928192546696270e+00
3.320000000000000000e+02,2.037069961924691697e+00,2.010994407555108054e+00,2.030677482063403705e+00,2.080283289027334614e+00,2.008965937805238244e+00,2.597112791148537880e+00
3.330000000000000000e+02,2.034126664751636948e+00,2.008145658146189838e+00,2.027870027171510880e+00,2.077286296064594584e+00,2.006067115552060187e+00,2.595294521690240774e+00
3.340000000000000000e+02,2.031188714390720573e+00,2.005303236700599179e+00,2.025068068749321437e+00,2.074294198879372608e+00,2.003174849455151119e+00,2.593473433098643532e+00
3.350000000000000000e+02,2.028256119786171485e+00,2.002467139416057140e+00,2.022271610470084191e+00,2.071307008882473433e+00,2.000289141542913818e+00,2.591649573939237783e+00
3.360000000000000000e+02,2.025328889536199828e+00,1.999637362199225166e+00,2.019480655676193503e+00,2.068324737096463473e+00,1.997409993419400065e+00,2.589822992418327807e+00
3.370000000000000000e+02,2.022407031899053464e+00,1.996813900672046671e+00,2.016695207384062716e+00,2.065347394163259853e+00,1.994537406274025315e+00,2.587993736384593735e+00
3.380000000000000000e+02,2.019490554797359394e+00,1.993996750177464028e+00,2.013915268290060290e+00,2.062374990350051895e+00,1.991671380888613507e+00,2.586161853331435001e+00
3.390000000000000000e+02,2.016579465823021167e+00,1.991185905784512489e+00,2.011140840775895278e+00,2.059407535554799384e+00,1.988811917643623861e+00,2.584327390398761803e+00
3.400000000000000000e+02,2.013673772242453808e+00,1.988381362294993071e+00,2.008371926913176786e+00,2.056445039313531176e+00,1.985959016527187204e+00,2.582490394374376663e+00
3.410000000000000000e+02,2.010773481000357243e+00,1.985583114248697045e+00,2.005608528469077889e+00,2.053487510804945515e+00,1.983112677141529501e+00,2.580650911696283689e+00
3.420000000000000000e+02,2.007878598725278074e+00,1.982791155928138815e+00,2.002850646911428889e+00,2.050534958856812917e+00,1.980272898710015772e+00,2.578808988454946327e+00
3.430000000000000000e+02,2.004989131733455832e+00,1.980005481364724762e+00,2.000098283413714650e+00,2.047587391952280900e+00,1.977439680084366547e+00,2.576964670394661816e+00
3.440000000000000000e+02,2.002105086033688419e+00,1.977226084344217094e+00,1.997351438860105244e+00,2.044644818235100026e+00,1.974613019751918719e+00,2.575118002915314008e+00
3.450000000000000000e+02,1.999226467332289259e+00,1.974452958411221148e+00,1.994610113850003419e+00,2.041707245515254510e+00,1.971792915842487615e+00,2.573269031074363333e+00
3.460000000000000000e+02,1.996353281036795213e+00,1.971686096874638805e+00,1.991874308703688534e+00,2.038774681274605260e+00,1.968979366134554265e+00,2.571417799589013065e+00
3.470000000000000000e+02,1.993485532260486970e+00,1.968925492812898304e+00,1.989144023466702826e+00,2.035847132672612414e+00,1.966172368062870213e+00,2.569564352837606425e+00
3.480000000000000000e+02,1.990623225827120812e+00,1.966171139079317065e+00,1.986419257914190384e+00,2.032924606551590241e+00,1.963371918724025056e+00,2.567708734861437136e+00
3.490000000000000000e+02,1.987766366275007135e+00,1.963423028305965268e+00,1.983700011556043918e+00,2.030007109441736901e+00,1.960578014883984421e+00,2.565850989367101320e+00
3.500000000000000000e+02,1.984914957860820950e+00,1.960681152909037106e+00,1.980986283641938739e+00,2.027094647567033725e+00,1.957790652983962820e+00,2.563991159727157410e+00
3.510000000000000000e+02,1.982069004564691816e+00,1.957945505094200733e+00,1.978278073165225193e+00,2.024187226849953891e+00,1.955009829146721501e+00,2.562129288983434616e+00
3.520000000000000000e+02,1.979228510093648419e+00,1.955216076860687435e+00,1.975575378867287402e+00,2.021284852916519270e+00,1.952235539183302837e+00,2.560265419847827850e+00
3.530000000000000000e+02,1.976393477885642458e+00,1.952492860005657915e+00,1.972878199243067954e+00,2.018387531102369348e+00,1.949467778598276579e+00,2.558399594703804514e+00
3.540000000000000000e+02,1.973563911114357694e+00,1.949775846129283341e+00,1.970186532544620173e+00,2.015495266456303725e+00,1.946706542597099521e+00,2.556531855609081028e+00
3.550000000000000000e+02,1.970739812692175796e+00,1.947065026639292817e+00,1.967500376784945271e+00,2.012608063745696452e+00,1.943951826091328217e+00,2.554662244296786344e+00
3.560000000000000000e+02,1.967921185274901008e+00,1.944360392754806321e+00,1.964819729743685572e+00,2.009725927462094663e+00,1.941203623704041314e+00,2.552790802177239193e+00
3.570000000000000000e+02,1.965108031265575317e+00,1.941661935511082682e+00,1.962144588971391768e+00,2.006848861824773955e+00,1.938461929776574610e+00,2.550917570339831908e+00
3.580000000000000000e+02,1.962300352817823335e+00,1.938969645763785943e+00,1.959474951791289055e+00,2.003976870786743802e+00,1.935726738374465628e+00,2.549042589555136740e+00
3.590000000000000000e+02,1.959498151839933255e+00,1.936283514193378741e+00,1.956810815305790818e+00,2.001109958038135961e+00,1.932998043291782597e+00,2.547165900275267347e+00
3.600000000000000000e+02,1.956701429999096353e+00,1.933603531308474288e+00,1.954152176400842711e+00,1.998248127011217790e+00,1.930275838058302496e+00,2.545287542637109102e+00
3.610000000000000000e+02,1.953910188724615082e+00,1.930929687450869681e+00,1.951499031747698565e+00,1.995391380885966903e+00,1.927560115943596442e+00,2.543407556463517682e+00
3.620000000000000000e+02,1.951124429211473110e+00,1.928261972798811286e+00,1.948851377808962226e+00,1.992539722592273632e+00,1.924850869963111277e+00,2.541525981264690426e+00
3.630000000000000000e+02,1.948344152424348330e+00,1.925600377371766703e+00,1.946209210841284509e+00,1.989693154816555509e+00,1.922148092884346182e+00,2.539642856240292179e+00
3.640000000000000000e+02,1.945569359100885798e+00,1.922944891033335990e+00,1.943572526899724595e+00,1.986851680004418030e+00,1.919451777230387179e+00,2.537758220280711630e+00
3.650000000000000000e+02,1.942800049755610159e+00,1.920295503495695666e+00,1.940941321841838541e+00,1.984015300365943091e+00,1.916761915286223861e+00,2.535872111968738185e+00
3.660000000000000000e+02,1.940036224682657906e+00,1.917652204323318621e+00,1.938315591331252863e+00,1.981184017879961123e+00,1.914078499103913256e+00,2.533984569581977375e+00
3.670000000000000000e+02,1.937277883960315750e+00,1.915014982936233290e+00,1.935695330840882633e+00,1.978357834296714968e+00,1.911401520506764262e+00,2.532095631094035237e+00
3.680000000000000000e+02,1.934525027453942947e+00,1.912383828614320214e+00,1.933080535656608756e+00,1.975536751143895264e+00,1.908730971095321749e+00,2.530205334175659626e+00
3.690000000000000000e+02,1.931777654818982448e+00,1.909758730500486834e+00,1.930471200882280192e+00,1.972720769728654622e+00,1.906066842251969096e+00,2.528313716196988192e+00
3.700000000000000000e+02,1.929035765504792721e+00,1.907139677604010375e+00,1.927867321441332882e+00,1.969909891143166947e+00,1.903409125145048675e+00,2.526420814229100920e+00
3.710000000000000000e+02,1.926299358757214808e+00,1.904526658804521100e+00,1.925268892081880789e+00,1.967104116268660219e+00,1.900757810734577058e+00,2.524526665045774276e+00
3.720000000000000000e+02,1.923568433623108032e+00,1.901919662855338533e+00,1.922675907379531646e+00,1.964303445776907298e+00,1.898112889776083279e+00,2.522631305124746870e+00
3.730000000000000000e+02,1.920842988952541575e+00,1.899318678385919501e+00,1.920088361740160954e+00,1.961507880136359905e+00,1.895474352826045816e+00,2.520734770649470935e+00
3.740000000000000000e+02,1.918123023401834493e+00,1.896723693906331443e+00,1.917506249404467011e+00,1.958717419615435107e+00,1.892842190245868528e+00,2.518837097511228862e+00
3.750000000000000000e+02,1.915408535437872928e+00,1.894134697809864321e+00,1.914929564450908339e+00,1.955932064284991778e+00,1.890216392205917417e+00,2.516938321309952542e+00
3.760000000000000000e+02,1.912699523339727259e+00,1.891551678376347079e+00,1.912358300798789879e+00,1.953151814023375232e+00,1.887596948691306453e+00,2.515038477355743929e+00
3.770000000000000000e+02,1.909995985202378010e+00,1.888974623775294459e+00,1.909792452211272140e+00,1.950376668518887469e+00,1.884983849505231790e+00,2.513137600671794036e+00
3.780000000000000000e+02,1.907297918940567882e+00,1.886403522069486138e+00,1.907232012299185930e+00,1.947606627273780200e+00,1.882377084272937706e+00,2.511235725994726220e+00
3.790000000000000000e+02,1.904605322289874225e+00,1.883838361216485291e+00,1.904676974523990207e+00,1.944841689607925916e+00,1.879776642446699730e+00,2.509332887776288601e+00
3.800000000000000000e+02,1.901918192811283381e+00,1.881279129072733314e+00,1.902127332200447718e+00,1.942081854661400264e+00,1.877182513309235912e+00,2.507429120185627358e+00
3.810000000000000000e+02,1.899236527893663151e+00,1.878725813397523980e+00,1.899583078500201028e+00,1.939327121398477294e+00,1.874594685979014796e+00,2.505524457110259284e+00
3.820000000000000000e+02,1.896560324756140004e+00,1.876178401853487276e+00,1.897044206454560955e+00,1.936577488610676134e+00,1.872013149412776967e+00,2.503618932157628318e+00
3.830000000000000000e+02,1.893889580451309840e+00,1.873636882010852656e+00,1.894510708957598322e+00,1.933832954920047698e+00,1.869437892409983260e+00,2.501712578656860142e+00
3.840000000000000000e+02,1.891224291868486729e+00,1.871101241350482836e+00,1.891982578768925505e+00,1.931093518782332596e+00,1.866868903617318276e+00,2.499805429660533207e+00
3.850000000000000000e+02,1.888564455735857184e+00,1.868571467265766062e+00,1.889459808516554817e+00,1.928359178490075765e+00,1.864306171531735057e+00,2.497897517946163326e+00
3.860000000000000000e+02,1.885910068622307589e+00,1.866047547065200929e+00,1.886942390700053096e+00,1.925629932175444647e+00,1.861749684504319546e+00,2.495988876016875135e+00
3.870000000000000000e+02,1.883261126942414210e+00,1.863529467976500653e+00,1.884430317693075674e+00,1.922905777813833650e+00,1.859199430744395087e+00,2.494079536104029771e+00
3.880000000000000000e+02,1.880617626957516553e+00,1.861017217147544756e+00,1.881923581746202112e+00,1.920186713226669006e+00,1.856655398323514561e+00,2.492169530168865776e+00
3.890000000000000000e+02,1.877979564778403443e+00,1.858510781649143295e+00,1.879422174989678007e+00,1.917472736083306151e+00,1.854117575177130384e+00,2.490258889903082196e+00
3.900000000000000000e+02,1.875346936367771056e+00,1.856010148478839161e+00,1.876926089436326883e+00,1.914763843905860963e+00,1.851585949110261531e+00,2.488347646730583840e+00
3.910000000000000000e+02,1.872719737543559360e+00,1.853515304561677679e+00,1.874435316983621203e+00,1.912060034070367509e+00,1.849060507800278419e+00,2.486435831809518326e+00
3.920000000000000000e+02,1.870097963981491196e+00,1.851026236753981813e+00,1.871949849416569611e+00,1.909361303810228394e+00,1.846541238800044393e+00,2.484523476033684730e+00
3.930000000000000000e+02,1.867481611216543991e+00,1.848542931844746384e+00,1.869469678410826230e+00,1.906667650219477483e+00,1.844028129541091188e+00,2.482610610033567422e+00
3.940000000000000000e+02,1.864870674645600745e+00,1.846065376558053917e+00,1.866994795534847817e+00,1.903979070253980943e+00,1.841521167337147658e+00,2.480697264178312711e+00
3.950000000000000000e+02,1.862265149530937469e+00,1.843593557556618912e+00,1.864525192251387464e+00,1.901295560735807300e+00,1.839020339388167891e+00,2.478783468577067328e+00
3.960000000000000000e+02,1.859665031001661806e+00,1.841127461442157331e+00,1.862060859921609746e+00,1.898617118354612554e+00,1.836525632782378681e+00,2.476869253080264066e+00
3.970000000000000000e+02,1.857070314056189719e+00,1.838667074758590037e+00,1.859601789807173278e+00,1.895943739671252404e+00,1.834037034499771845e+00,2.474954647281395470e+00
3.980000000000000000e+02,1.854480993564906921e+00,1.836212383995089459e+00,1.857147973071205715e+00,1.893275421119475110e+00,1.831554531415411136e+00,2.473039680518577477e+00
3.990000000000000000e+02,1.851897064272017834e+00,1.833763375585733657e+00,1.854699400782273688e+00,1.890612159008520088e+00,1.829078110302448490e+00,2.471124381875627218e+00
4.000000000000000000e+02,1.849318520798154397e+00,1.831320035913709621e+00,1.852256063916259965e+00,1.887953949526012920e+00,1.826607757834878054e+00,2.469208780183990815e+00
4.010000000000000000e+02,1.846745357642533225e+00,1.828882351313438459e+00,1.849817953357661526e+00,1.885300788739646682e+00,1.824143460590479826e+00,2.467292904023662636e+00
4.020000000000000000e+02,1.844177569185360577e+00,1.826450308071061235e+00,1.847385059903469351e+00,1.882652672600889199e+00,1.821685205053998891e+00,2.465376781724814226e+00
4.030000000000000000e+02,1.841615149689315167e+00,1.824023892427303561e+00,1.844957374264599492e+00,1.880009596946107697e+00,1.819232977619813951e+00,2.463460441370167953e+00
4.040000000000000000e+02,1.839058093301919605e+00,1.821603090579579254e+00,1.842534887067242444e+00,1.877371557498674903e+00,1.816786764594545023e+00,2.461543910795035206e+00
4.050000000000000000e+02,1.836506394059077341e+00,1.819187888683479137e+00,1.840117588856281960e+00,1.874738549872345672e+00,1.814346552200335694e+00,2.459627217589537729e+00
4.060000000000000000e+02,1.833960045884988510e+00,1.816778272855030352e+00,1.837705470097227733e+00,1.872110569573153693e+00,1.811912326576995635e+00,2.457710389100122850e+00
4.070000000000000000e+02,1.831419042595261226e+00,1.814374229171953568e+00,1.835298521177517905e+00,1.869487612000390264e+00,1.809484073784428215e+00,2.455793452430430790e+00
4.080000000000000000e+02,1.828883377899323648e+00,1.811975743675589667e+00,1.832896732408941354e+00,1.866869672450801376e+00,1.807061779806035107e+00,2.453876434443399646e+00
4.090000000000000000e+02,1.826353045401389430e+00,1.809582802373844057e+00,1.830500094030221625e+00,1.864256746119197450e+00,1.804645430551179430e+00,2.451959361762136247e+00
4.100000000000000000e+02,1.823828038603703128e+00,1.807195391241625870e+00,1.828108596207916881e+00,1.861648828100277653e+00,1.802235011856766045e+00,2.450042260771977620e+00
4.110000000000000000e+02,1.821308350907453022e+00,1.804813496221923330e+00,1.825722229039617117e+00,1.859045913392528337e+00,1.799830509490795816e+00,2.448125157620972381e+00
4.120000000000000000e+02,1.818793975615057956e+00,1.802437103229353355e+00,1.823340982554827461e+00,1.856447996898356489e+00,1.797431909154284968e+00,2.446208078222275262e+00
4.130000000000000000e+02,1.816284905932063376e+00,1.800066198150710006e+00,1.820964846716981000e+00,1.853855073426896816e+00,1.795039196483424693e+00,2.444291048254970011e+00
4.140000000000000000e+02,1.813781134969441489e+00,1.797700766846414666e+00,1.818593811426275408e+00,1.851267137696119613e+00,1.792652357052610945e+00,2.442374093165524229e+00
4.150000000000000000e+02,1.811282655744321790e+00,1.795340795152549296e+00,1.816227866520388146e+00,1.848684184333831082e+00,1.790271376376124657e+00,2.440457238169741583e+00
4.160000000000000000e+02,1.808789461182850333e+00,1.792986268882175827e+00,1.813867001776142907e+00,1.846106207880505945e+00,1.787896239910608642e+00,2.438540508252670769e+00
4.170000000000000000e+02,1.806301544121972302e+00,1.790637173827018147e+00,1.811511206912612248e+00,1.843533202791123982e+00,1.785526933057394183e+00,2.436623928172036990e+00
4.180000000000000000e+02,1.803818897310579539e+00,1.788293495758499052e+00,1.809160471592103470e+00,1.840965163436289354e+00,1.783163441164517193e+00,2.434707522458326778e+00
4.190000000000000000e+02,1.801341513411615747e+00,1.785955220429987111e+00,1.806814785421179792e+00,1.838402084104276968e+00,1.780805749528956428e+00,2.432791315415864020e+00
4.200000000000000000e+02,1.798869385003627253e+00,1.783622333577322916e+00,1.804474137953284929e+00,1.835843959003246928e+00,1.778453843398478229e+00,2.430875331125943895e+00
4.210000000000000000e+02,1.796402504582304438e+00,1.781294820920616306e+00,1.802138518690204361e+00,1.833290782262587459e+00,1.776107707974469818e+00,2.428959593446160525e+00
4.220000000000000000e+02,1.793940864563151605e+00,1.778972668165553994e+00,1.799807917083733555e+00,1.830742547934240516e+00,1.773767328413308642e+00,2.427044126012150915e+00
4.230000000000000000e+02,1.791484457282356946e+00,1.776655861005285608e+00,1.797482322536842148e+00,1.828199249995294817e+00,1.771432689827685092e+00,2.425128952240667601e+00
4.240000000000000000e+02,1.789033274997437584e+00,1.774344385121090717e+00,1.795161724405337278e+00,1.825660882349132486e+00,1.769103777289992685e+00,2.423214095328987128e+00
4.250000000000000000e+02,1.786587309891292552e+00,1.772038226183195286e+00,1.792846112000348047e+00,1.823127438826285474e+00,1.766780575834066891e+00,2.421299578256897345e+00
4.260000000000000000e+02,1.784146554071772917e+00,1.769737369853582765e+00,1.790535474588944131e+00,1.820598913187279289e+00,1.764463070456006477e+00,2.419385423788770417e+00
4.270000000000000000e+02,1.781710999573444809e+00,1.767441801785708755e+00,1.788229801395281093e+00,1.818075299124070954e+00,1.762151246116238967e+00,2.417471654473614784e+00
4.280000000000000000e+02,1.779280638360030808e+00,1.765151507626237626e+00,1.785929081603414792e+00,1.815556590260511527e+00,1.759845087742396341e+00,2.415558292646713401e+00
4.290000000000000000e+02,1.776855462325147794e+00,1.762866473016682090e+00,1.783633304357373106e+00,1.813042780154520139e+00,1.757544580230285369e+00,2.413645360432211007e+00
4.300000000000000000e+02,1.774435463294923077e+00,1.760586683594010937e+00,1.781342458763165215e+00,1.810533862299857244e+00,1.755249708445526524e+00,2.411732879743301972e+00
4.310000000000000000e+02,1.772020633027500791e+00,1.758312124991820102e+00,1.779056533890901903e+00,1.808029830127540816e+00,1.752960457225945845e+00,2.409820872282999016e+00
4.320000000000000000e+02,1.769610963216234900e+00,1.756042782841565675e+00,1.776775518775039808e+00,1.805530677006369711e+00,1.750676811382298359e+00,2.407909359547131256e+00
4.330000000000000000e+02,1.767206445490667743e+00,1.753778642774008079e+00,1.774499402415629312e+00,1.803036396244958706e+00,1.748398755700653062e+00,2.405998362824506742e+00
4.340000000000000000e+02,1.764807071416986783e+00,1.751519690419605757e+00,1.772228173780821425e+00,1.800546981093530174e+00,1.746126274944042489e+00,2.404087903197833054e+00
4.350000000000000000e+02,1.762412832501224713e+00,1.749265911409797036e+00,1.769961821807667146e+00,1.798062424744915067e+00,1.743859353853304706e+00,2.402178001546399155e+00
4.360000000000000000e+02,1.760023720189511254e+00,1.747017291378672343e+00,1.767700335402954792e+00,1.795582720335581861e+00,1.741597977149310417e+00,2.400268678546188639e+00
4.370000000000000000e+02,1.757639725868832770e+00,1.744773815962254782e+00,1.765443703444733003e+00,1.793107860946905774e+00,1.739342129535011106e+00,2.398359954671714256e+00
4.380000000000000000e+02,1.755260840869430350e+00,1.742535470801761521e+00,1.763191914783752923e+00,1.790637839607282622e+00,1.737091795695538510e+00,2.396451850197519384e+00
4.390000000000000000e+02,1.752887056466035265e+00,1.740302241543435713e+00,1.760944958244800018e+00,1.788172649292646854e+00,1.734846960299756047e+00,2.394544385198226877e+00
4.400000000000000000e+02,1.750518363878836192e+00,1.738074113838172785e+00,1.758702822627114415e+00,1.785712282927665928e+00,1.732607608003962962e+00,2.392637579551476268e+00
4.410000000000000000e+02,1.748154754274678480e+00,1.735851073345118678e+00,1.756465496706477225e+00,1.783256733387425630e+00,1.730373723450213230e+00,2.390731452938344326e+00
4.420000000000000000e+02,1.745796218768097541e+00,1.733633105730566504e+00,1.754232969235822726e+00,1.780805993498538298e+00,1.728145291269842287e+00,2.388826024844389107e+00
4.430000000000000000e+02,1.743442748423676525e+00,1.731420196669722911e+00,1.752005228946775572e+00,1.778360056039971271e+00,1.725922296084817287e+00,2.386921314561428975e+00
4.440000000000000000e+02,1.741094334256394704e+00,1.729212331846733397e+00,1.749782264550393318e+00,1.775918913744257921e+00,1.723704722506598230e+00,2.385017341188437001e+00
4.450000000000000000e+02,1.738750967232030264e+00,1.727009496956769308e+00,1.747564064738075018e+00,1.773482559298894090e+00,1.721492555140633707e+00,2.383114123633306214e+00
4.460000000000000000e+02,1.736412638270486308e+00,1.724811677705949897e+00,1.745350618183749702e+00,1.771050985347881968e+00,1.719285778585974089e+00,2.381211680613502413e+00
4.470000000000000000e+02,1.734079338244889579e+00,1.722618859811681169e+00,1.743141913543314603e+00,1.768624184491870421e+00,1.717084377436268516e+00,2.379310030657197039e+00
4.480000000000000000e+02,1.731751057983867748e+00,1.720431029005252244e+00,1.740937939456986827e+00,1.766202149289135104e+00,1.714888336282338388e+00,2.377409192105289115e+00
4.490000000000000000e+02,1.729427788273041555e+00,1.718248171030612559e+00,1.738738684549957725e+00,1.763784872257758485e+00,1.712697639711802777e+00,2.375509183112596290e+00
4.500000000000000000e+02,1.727109519854243214e+00,1.716070271646083834e+00,1.736544137432741719e+00,1.761372345875910961e+00,1.710512272311561111e+00,2.373610021647629686e+00
4.510000000000000000e+02,1.724796243428859954e+00,1.713897316625142109e+00,1.734354286703399639e+00,1.758964562583318125e+00,1.708332218668188851e+00,2.371711725495422307e+00
4.520000000000000000e+02,1.722487949657637962e+00,1.711729291756993510e+00,1.732169120947183893e+00,1.756561514781715960e+00,1.706157463368675797e+00,2.369814312258934574e+00
4.530000000000000000e+02,1.720184629161934931e+00,1.709566182847074955e+00,1.729988628738311052e+00,1.754163194835862694e+00,1.703987991002815505e+00,2.367917799358213227e+00
4.540000000000000000e+02,1.717886272525287472e+00,1.707407975717875059e+00,1.727812798641459757e+00,1.751769595074991637e+00,1.701823786163863872e+00,2.366022204033618959e+00
4.550000000000000000e+02,1.715592870293554117e+00,1.705254656209681086e+00,1.725641619210313449e+00,1.749380707793459111e+00,1.699664833448621293e+00,2.364127543346617344e+00
4.560000000000000000e+02,1.713304412976845326e+00,1.703106210181100089e+00,1.723475078990978959e+00,1.746996525251544696e+00,1.697511117459550078e+00,2.362233834180147429e+00
4.570000000000000000e+02,1.711020891050115011e+00,1.700962623509943317e+00,1.721313166522659532e+00,1.744617039676811032e+00,1.695362622805088648e+00,2.360341093240527321e+00
4.580000000000000000e+02,1.708742294953734309e+00,1.698823882093328574e+00,1.719155870336611880e+00,1.742242243264506829e+00,1.693219334100835027e+00,2.358449337058443618e+00
4.590000000000000000e+02,1.706468615095343866e+00,1.696689971848762690e+00,1.717003178958438792e+00,1.739872128178980626e+00,1.691081235971957808e+00,2.356558581990791712e+00
4.600000000000000000e+02,1.704199841850266406e+00,1.694560878714983065e+00,1.714855080908963103e+00,1.737506686553835111e+00,1.688948313051345629e+00,2.354668844220320079e+00
4.610000000000000000e+02,1.701935965562597852e+00,1.692436588651196061e+00,1.712711564704884282e+00,1.735145910493362642e+00,1.686820549982448458e+00,2.352780139758027911e+00
4.620000000000000000e+02,1.699676976546070639e+00,1.690317087639069404e+00,1.710572618858876570e+00,1.732789792073271995e+00,1.684697931420305883e+00,2.350892484444582209e+00
4.630000000000000000e+02,1.697422865084614374e+00,1.688202361683033503e+00,1.708438231880820890e+00,1.730438323341263906e+00,1.682580442031281320e+00,2.349005893950297352e+00
4.640000000000000000e+02,1.695173621434308275e+00,1.686092396810453753e+00,1.706308392279778818e+00,1.728091496318195919e+00,1.680468066494561930e+00,2.347120383777035357e+00
4.650000000000000000e+02,1.692929235823563028e+00,1.683987179071721352e+00,1.704183088562913673e+00,1.725749302998412116e+00,1.678360789503647865e+00,2.345235969259425790e+00
4.660000000000000000e+02,1.690689698453480272e+00,1.681886694541507410e+00,1.702062309236193061e+00,1.723411735351601859e+00,1.676258595766289217e+00,2.343352665566180271e+00
4.670000000000000000e+02,1.688454999499523490e+00,1.679790929319654680e+00,1.699946042807171542e+00,1.721078785321678684e+00,1.674161470004907004e+00,2.341470487700036074e+00
4.680000000000000000e+02,1.686225129112483456e+00,1.677699869530185239e+00,1.697834277783847101e+00,1.718750444828979873e+00,1.672069396958775211e+00,2.339589450500596968e+00
4.690000000000000000e+02,1.684000077418554620e+00,1.675613501322912313e+00,1.695727002675522677e+00,1.716426705770925709e+00,1.669982361383805625e+00,2.337709568644315894e+00
4.700000000000000000e+02,1.681779834521023975e+00,1.673531810873626791e+00,1.693624205994815224e+00,1.714107560022298582e+00,1.667900348053768633e+00,2.335830856645465303e+00
4.710000000000000000e+02,1.679564390500549953e+00,1.671454784384589276e+00,1.691525876256732008e+00,1.711792999435862495e+00,1.665823341760855003e+00,2.333953328858882958e+00
4.720000000000000000e+02,1.677353735415114899e+00,1.669382408084783220e+00,1.689432001980167852e+00,1.709483015843958453e+00,1.663751327315669215e+00,2.332076999479436807e+00
4.730000000000000000e+02,1.675147859303129039e+00,1.667314668230343910e+00,1.687342571687959314e+00,1.707177601058154526e+00,1.661684289549551830e+00,2.330201882543110337e+00
4.740000000000000000e+02,1.672946752182283392e+00,1.665251551105100924e+00,1.685257573908387263e+00,1.704876746869613546e+00,1.659622213313947103e+00,2.328327991929218133e+00
4.750000000000000000e+02,1.670750404050272975e+00,1.663193043021167217e+00,1.683176997175485079e+00,1.702580445051350644e+00,1.657565083481284951e+00,2.326455341360988083e+00
4.760000000000000000e+02,1.668558804886874691e+00,1.661139130318627144e+00,1.681100830028612769e+00,1.700288687357820461e+00,1.655512884946398477e+00,2.324583944406650282e+00
4.770000000000000000e+02,1.666371944653838755e+00,1.659089799366588736e+00,1.679029061014971402e+00,1.698001465525734943e+00,1.653465602626467357e+00,2.322713814480510841e+00
4.780000000000000000e+02,1.664189813295658515e+00,1.657045036563001172e+00,1.676961678688334345e+00,1.695718771274251413e+00,1.651423221461729041e+00,2.320844964843540303e+00
4.790000000000000000e+02,1.662012400740030094e+00,1.655004828336303691e+00,1.674898671610666190e+00,1.693440596306063473e+00,1.649385726415528275e+00,2.318977408605699342e+00
4.800000000000000000e+02,1.659839696899372274e+00,1.652969161144309140e+00,1.672840028352562181e+00,1.691166932308337145e+00,1.647353102476867059e+00,2.317111158726090636e+00
4.810000000000000000e+02,1.657671691670645320e+00,1.650938021473954409e+00,1.670785737493390100e+00,1.688897770952578758e+00,1.645325334658844119e+00,2.315246228014008700e+00
4.820000000000000000e+02,1.655508374936693672e+00,1.648911395843903005e+00,1.668735787622467770e+00,1.686633103895707864e+00,1.643302407999813530e+00,2.313382629130467549e+00
4.830000000000000000e+02,1.653349736566769979e+00,1.646889270803230554e+00,1.666690167338101158e+00,1.684372922780327908e+00,1.641284307565104017e+00,2.311520374589127069e+00
4.840000000000000000e+02,1.651195766416548194e+00,1.644871632932490613e+00,1.664648865250414778e+00,1.682117219234921857e+00,1.639271018445720873e+00,2.309659476757349061e+00
4.850000000000000000e+02,1.649046454329346378e+00,1.642858468843599873e+00,1.662611869980504142e+00,1.679865984875669405e+00,1.637262525760202481e+00,2.307799947856506328e+00
4.860000000000000000e+02,1.646901790137542454e+00,1.640849765179545505e+00,1.660579170160192186e+00,1.677619211306611069e+00,1.635258814655109250e+00,2.305941799964324357e+00
4.870000000000000000e+02,1.644761763661769294e+00,1.638845508615581315e+00,1.658550754433885333e+00,1.675376890118026596e+00,1.633259870304234473e+00,2.304085045015645150e+00
4.880000000000000000e+02,1.642626364712015619e+00,1.636845685859713573e+00,1.656526611458386533e+00,1.673139012889754751e+00,1.631265677910578304e+00,2.302229694802204740e+00
4.890000000000000000e+02,1.640495583088363851e+00,1.634850283652170333e+00,1.654506729903528539e+00,1.670905571191478201e+00,1.629276222706715238e+00,2.300375760975296391e+00
4.900000000000000000e+02,1.638369408582219355e+00,1.632859288765298178e+00,1.652491098452939511e+00,1.668676556580957371e+00,1.627291489953424319e+00,2.298523255046200475e+00
4.910000000000000000e+02,1.636247830976143014e+00,1.630872688005899018e+00,1.650479705803214570e+00,1.666451960606272875e+00,1.625311464942605921e+00,2.296672188386444713e+00
4.920000000000000000e+02,1.634130840043544808e+00,1.628890468212693676e+00,1.648472540665518071e+00,1.664231774806322672e+00,1.623336132996611392e+00,2.294822572230246660e+00
4.930000000000000000e+02,1.632018425551896135e+00,1.626912616257786715e+00,1.646469591766384077e+00,1.662015990711264601e+00,1.621365479467920201e+00,2.292974417674579879e+00
4.940000000000000000e+02,1.629910577260073046e+00,1.624939119048302905e+00,1.644470847846534411e+00,1.659804599841958384e+00,1.619399489740869003e+00,2.291127735679882260e+00
4.950000000000000000e+02,1.627807284921962250e+00,1.622969963524390380e+00,1.642476297662756712e+00,1.657597593710781858e+00,1.617438149231653632e+00,2.289282537072239609e+00
4.960000000000000000e+02,1.625708538285169258e+00,1.621005136659888990e+00,1.640485929987546054e+00,1.655394963824209587e+00,1.615481443388043559e+00,2.287438832543763567e+00
4.970000000000000000e+02,1.623614327090886267e+00,1.619044625463298859e+00,1.638499733609126263e+00,1.653196701680142322e+00,1.613529357690285604e+00,2.285596632653307481e+00
4.980000000000000000e+02,1.621524641076902196e+00,1.617088416978024412e+00,1.636517697333370602e+00,1.651002798768818947e+00,1.611581877651888650e+00,2.283755947827549537e+00
4.990000000000000000e+02,1.619439469976072576e+00,1.615136498281987132e+00,1.634539809982783698e+00,1.648813246575923763e+00,1.609638988819455996e+00,2.281916788362391202e+00
5.000000000000000000e+02,1.617358803517783494e+00,1.613188856487589140e+00,1.632566060396546170e+00,1.646628036580559451e+00,1.607700676772518822e+00,2.280079164423812088e+00
5.010000000000000000e+02,1.615282631427719107e+00,1.611245478742047377e+00,1.630596437432228596e+00,1.644447160255720020e+00,1.605766927125295007e+00,2.278243086048318489e+00
5.020000000000000000e+02,1.613210943428793342e+00,1.609306352228246029e+00,1.628630929965226404e+00,1.642270609069577558e+00,1.603837725526194635e+00,2.276408563144867614e+00
5.030000000000000000e+02,1.611143729242105582e+00,1.607371464164174313e+00,1.626669526889457540e+00,1.640098374485394972e+00,1.601913057657256667e+00,2.274575605495130937e+00
5.040000000000000000e+02,1.609080978586627797e+00,1.605440801803772466e+00,1.624712217117090240e+00,1.637930447962562264e+00,1.599992909236130689e+00,2.272744222754286447e+00
5.050000000000000000e+02,1.607022681180007684e+00,1.603514352435849499e+00,1.622758989579694111e+00,1.635766820955610878e+00,1.598077266015507591e+00,2.270914424452739500e+00
5.060000000000000000e+02,1.604968826738705889e+00,1.601592103384765320e+00,1.620809833228026076e+00,1.633607484916288710e+00,1.596166113783196172e+00,2.269086219996440779e+00
5.070000000000000000e+02,1.602919404979244344e+00,1.599674042011743680e+00,1.618864737031963985e+00,1.631452431292766070e+00,1.594259438362987114e+00,2.267259618668178156e+00
5.080000000000000000e+02,1.600874405618369245e+00,1.597760155713630947e+00,1.616923689981832890e+00,1.629301651529404538e+00,1.592357225614608351e+00,2.265434629628515495e+00
5.090000000000000000e+02,1.598833818372459747e+00,1.595850431922828161e+00,1.614986681088403486e+00,1.627155137069373536e+00,1.590459461433627819e+00,2.263611261916411266e+00
5.100000000000000000e+02,1.596797632959203073e+00,1.593944858108335749e+00,1.613053699382213102e+00,1.625012879353041395e+00,1.588566131752755517e+00,2.261789524450142252e+00
5.110000000000000000e+02,1.594765839097825211e+00,1.592043421775830137e+00,1.611124733914326201e+00,1.622874869818770716e+00,1.586677222540963328e+00,2.259969426028983097e+00
5.120000000000000000e+02,nan,nan,nan,nan,nan,nan
