sigma,P_mean,Ds_of_mean_P,mean_Ds,Ds_block4_ci_low,Ds_block4_ci_high
0.000000000000000000e+00,1.000000000000000000e+00,nan,nan,nan,nan
1.000000000000000000e+00,2.000000000000020095e-01,3.999999999999950262e+00,3.999999999999946709e+00,3.999999999999950262e+00,3.999999999999950262e+00
2.000000000000000000e+00,2.000000000000020095e-01,8.700708007812685274e-01,8.700708007812675282e-01,8.693504638672063800e-01,8.708349609375184430e-01
3.000000000000000000e+00,1.129929199218742825e-01,2.769390625709037934e+00,2.769449846329497422e+00,2.766308545148941977e+00,2.772507866854419412e+00
4.000000000000000000e+00,9.569282226562511595e-02,1.715915743990773734e+00,1.715932295821344100e+00,1.714807694399302918e+00,1.717232677024270737e+00
5.000000000000000000e+00,7.194271484375003300e-02,2.432601405143584916e+00,2.432665617753621223e+00,2.430200269332746021e+00,2.435165814347985958e+00
6.000000000000000000e+00,6.069123242187500489e-02,2.128476109750076617e+00,2.128522804661796552e+00,2.126710122461355823e+00,2.130529825018816936e+00
7.000000000000000000e+00,5.041274179687499357e-02,2.381029358904874105e+00,2.381105439347597663e+00,2.378681343926576375e+00,2.383467703167136964e+00
8.000000000000000000e+00,4.354348695312497408e-02,2.313831942500630845e+00,2.313909506749374234e+00,2.311723531752848171e+00,2.316262630897493402e+00
9.000000000000000000e+00,3.781870292187498872e-02,2.409167433077781251e+00,2.409263892294140952e+00,2.406738616077452875e+00,2.411771024302531430e+00
1.000000000000000000e+01,3.341997723750000232e-02,2.408113116462435865e+00,2.408218484872041376e+00,2.405644144249242888e+00,2.410685918447957210e+00
1.100000000000000000e+01,2.977079436812500937e-02,2.451365752521280417e+00,2.451485278039309712e+00,2.448730932352364498e+00,2.454082436626719765e+00
1.200000000000000000e+01,2.678551307937499654e-02,2.465366428091621653e+00,2.465496582221356814e+00,2.462633650488828430e+00,2.468143404075378911e+00
1.300000000000000000e+01,2.426778564269999744e-02,2.490176834467515921e+00,2.490318650656761612e+00,2.487255293144900126e+00,2.493034937121316297e+00
1.400000000000000000e+01,2.213696864620000315e-02,2.505537588073294852e+00,2.505689513933496482e+00,2.502402558219817497e+00,2.508435356744153300e+00
1.500000000000000000e+01,2.030599942633899008e-02,2.522775583277507394e+00,2.522937326425344740e+00,2.519433396877544862e+00,2.525758587889819662e+00
1.600000000000000000e+01,1.872180334307899791e-02,2.536504472298969581e+00,2.536675037536399557e+00,2.532986419259744881e+00,2.539532197924107226e+00
1.700000000000000000e+01,1.733800330701263520e-02,2.549973339224089308e+00,2.550152075439218180e+00,2.546300194453507970e+00,2.553104487217638496e+00
1.800000000000000000e+01,1.612113003788715609e-02,2.561837361190886231e+00,2.562023463393235723e+00,2.558064640151226143e+00,2.565015396219263000e+00
1.900000000000000000e+01,1.504357479391952614e-02,2.573076474978587047e+00,2.573269257786013231e+00,2.569186061840219804e+00,2.576300413292119451e+00
2.000000000000000000e+01,1.408385275358109423e-02,2.583406656286655334e+00,2.583605439113423774e+00,2.579413963081761185e+00,2.586731117785936895e+00
2.100000000000000000e+01,1.322435884643139922e-02,2.593156945373667810e+00,2.593361121037101480e+00,2.589088956411125686e+00,2.596463961793858299e+00
2.200000000000000000e+01,1.245086046830789009e-02,2.602303245057156822e+00,2.602512255864983803e+00,2.598202604666268289e+00,2.605708617803947469e+00
2.300000000000000000e+01,1.175159000095724049e-02,2.610976689431949715e+00,2.611190042179618587e+00,2.606834589859251761e+00,2.614395379657450835e+00
2.400000000000000000e+01,1.111681144412263178e-02,2.619205510768942258e+00,2.619422770791681732e+00,2.615050633410277658e+00,2.622743776232673518e+00
2.500000000000000000e+01,1.053837275943118879e-02,2.627053300267181424e+00,2.627274091968501146e+00,2.622879661460454148e+00,2.630594698489577166e+00
2.600000000000000000e+01,1.000941676663825303e-02,2.634550879029954995e+00,2.634774881935091351e+00,2.630312498880409855e+00,2.638203403788359491e+00
2.700000000000000000e+01,9.524129769387958827e-03,2.641734453617532452e+00,2.641961398814331563e+00,2.637437152906346949e+00,2.645452876309177803e+00
2.800000000000000000e+01,9.077556701730231728e-03,2.648628110466114016e+00,2.648857776268071174e+00,2.644319849921000110e+00,2.652416163585419984e+00
2.900000000000000000e+01,8.665448631725360465e-03,2.655254722623231700e+00,2.655486930035829030e+00,2.650860299670359854e+00,2.659060729947918755e+00
3.000000000000000000e+01,8.284143825763411531e-03,2.661631758863475472e+00,2.661866367151541013e+00,2.657125309878719310e+00,2.665501613286671567e+00
3.100000000000000000e+01,7.930470621670538192e-03,2.667774639543472492e+00,2.668011541861229574e+00,2.663284276449679577e+00,2.671684965595281902e+00
3.200000000000000000e+01,7.601669361113823874e-03,2.673695941926572228e+00,2.673935061293485127e+00,2.669219292274294109e+00,2.677702616782116518e+00
3.300000000000000000e+01,7.295328355336863461e-03,2.679406576375059856e+00,2.679647861930137154e+00,2.674952744047288444e+00,2.683484654890415655e+00
3.400000000000000000e+01,7.009331458928822617e-03,2.684915787815548960e+00,2.685159211481290775e+00,2.680416130480665515e+00,2.689023084694389443e+00
3.500000000000000000e+01,6.741814687804210775e-03,2.690231648335854153e+00,2.690477201842842003e+00,2.685643185501035202e+00,2.694385216006252914e+00
3.600000000000000000e+01,6.491130223490354165e-03,2.695361196827021022e+00,2.695608889133562336e+00,2.690807534687656766e+00,2.699551491131211733e+00
3.700000000000000000e+01,6.255816339805682705e-03,2.700310684624974478e+00,2.700560539688699802e+00,2.695658530067968073e+00,2.704542798443157370e+00
3.800000000000000000e+01,6.034572177451738399e-03,2.705085702795316571e+00,2.705337757684948219e+00,2.700386930271502450e+00,2.709415136855123141e+00
3.900000000000000000e+01,5.826236473497495814e-03,2.709691320560956740e+00,2.709945623866330422e+00,2.705004897147959220e+00,2.714009952466376774e+00
4.000000000000000000e+01,5.629769551713998885e-03,2.714132176983685696e+00,2.714388787494145472e+00,2.709274667625971134e+00,2.718562465159795494e+00
4.100000000000000000e+01,5.444238006264746216e-03,2.718412564207237203e+00,2.718671549819181799e+00,2.713555949725151351e+00,2.722889388468639815e+00
4.200000000000000000e+01,5.268801624914861217e-03,2.722536488597286031e+00,2.722797925417344445e+00,2.717576421340034631e+00,2.727101188877586679e+00
4.300000000000000000e+01,5.102702180669237142e-03,2.726507722160834923e+00,2.726771693770982274e+00,2.721535466840029116e+00,2.731099080309292493e+00
4.400000000000000000e+01,4.945253790043195943e-03,2.730329841930821733e+00,2.730596438784850033e+00,2.725323564171259427e+00,2.734927852095833334e+00
4.500000000000000000e+01,4.795834589785681785e-03,2.734006261932142579e+00,2.734275580856433407e+00,2.728958538183165139e+00,2.738673683548429327e+00
4.600000000000000000e+01,4.653879527828422118e-03,2.737540258035496610e+00,2.737812401810375995e+00,2.732455858514463376e+00,2.742261991826146605e+00
4.700000000000000000e+01,4.518874099275300635e-03,2.740934987754670260e+00,2.741210064755001508e+00,2.735820865218996367e+00,2.745668570816611087e+00
4.800000000000000000e+01,4.390348886893059507e-03,2.744193505686610024e+00,2.744471629564801063e+00,2.739057377814548389e+00,2.748984305889257573e+00
4.900000000000000000e+01,4.267874788793834563e-03,2.747318775666041546e+00,2.747600065063335872e+00,2.742166996489534547e+00,2.752149741395384375e+00
5.000000000000000000e+01,4.151058835067650450e-03,2.750313680228233526e+00,2.750598258502492399e+00,2.745153929070516696e+00,2.755214305923827656e+00
5.100000000000000000e+01,4.039540510763457888e-03,2.753181027999463737e+00,2.753469022960353563e+00,2.748019437906762619e+00,2.758121283863648632e+00
5.200000000000000000e+01,3.932988515536881523e-03,2.755923559435049963e+00,2.756215103080495332e+00,2.750671955461771567e+00,2.760905761613687392e+00
5.300000000000000000e+01,3.831097900975850672e-03,2.758543951283651818e+00,2.758839179532331709e+00,2.753215015946018696e+00,2.763622266888975609e+00
5.400000000000000000e+01,3.733587535508345150e-03,2.761044820056824722e+00,2.761343872473626782e+00,2.755738577989289784e+00,2.766154981651325784e+00
5.500000000000000000e+01,3.640197854213923952e-03,2.763428724737725606e+00,2.763731744250468747e+00,2.758067615865677169e+00,2.768561316428160612e+00
5.600000000000000000e+01,3.550688857070828999e-03,2.765698168908969912e+00,2.766005301515531034e+00,2.760326446853107463e+00,2.770901686111153950e+00
5.700000000000000000e+01,3.464838324385954762e-03,2.767855602443783258e+00,2.768166996910081057e+00,2.762400854085318880e+00,2.773143997658103377e+00
5.800000000000000000e+01,3.382440222549537839e-03,2.769903422873161158e+00,2.770219230422774181e+00,2.764412215721295141e+00,2.775262275621695363e+00
5.900000000000000000e+01,3.303303276970371606e-03,2.771843976517376351e+00,2.772164350514028541e+00,2.766240902530671342e+00,2.777238257624634166e+00
6.000000000000000000e+01,3.227249692195632153e-03,2.773679559449457432e+00,2.774004655074410408e+00,2.767942235882340007e+00,2.779107783161286260e+00
6.100000000000000000e+01,3.154114001895661976e-03,2.775412418343422338e+00,2.775742392269728853e+00,2.769542453437066953e+00,2.780915138677482190e+00
6.200000000000000000e+01,3.083742033675433963e-03,2.777044751247363941e+00,2.777379761312743334e+00,2.771047000725356924e+00,2.782642116941603572e+00
6.300000000000000000e+01,3.015989975624383968e-03,2.778578708310464940e+00,2.778918913191337214e+00,2.772473804402453279e+00,2.784311752849627730e+00
6.400000000000000000e+01,2.950723533187375042e-03,2.780016392486193144e+00,2.780361951375076135e+00,2.773883884192659188e+00,2.785841145222044624e+00
6.500000000000000000e+01,2.887817166375076464e-03,2.781359860228006298e+00,2.781710932515765400e+00,2.775218474422869175e+00,2.787312452655249739e+00
6.600000000000000000e+01,2.827153398568405494e-03,2.782611122187426567e+00,2.782967867152734698e+00,2.776450498353504326e+00,2.788653076128844610e+00
6.700000000000000000e+01,2.768622189238918469e-03,2.783772143922410347e+00,2.784134720430206045e+00,2.777541619981966470e+00,2.789835884830767387e+00
6.800000000000000000e+01,2.712120363830363996e-03,2.784844846620159853e+00,2.785213412830444213e+00,2.778498680620837380e+00,2.790945726146876193e+00
6.900000000000000000e+01,2.657551094847351077e-03,2.785831107836445053e+00,2.786205820925046872e+00,2.779336051326251500e+00,2.792077027878170803e+00
7.000000000000000000e+01,2.604823428892819731e-03,2.786732762252747797e+00,2.787113778144778120e+00,2.780181837851931181e+00,2.793108488549015167e+00
7.100000000000000000e+01,2.553851855001934481e-03,2.787551602449408250e+00,2.787939075566934655e+00,2.781006932650533781e+00,2.794067476980654607e+00
7.200000000000000000e+01,2.504555910148748791e-03,2.788289379694328218e+00,2.788683462718988260e+00,2.781671182422570610e+00,2.794941597308141734e+00
7.300000000000000000e+01,2.456859818264178676e-03,2.788947804745381287e+00,2.789348648396137165e+00,2.782311540701125629e+00,2.795731813267910759e+00
7.400000000000000000e+01,2.410692159508817049e-03,2.789528548663310126e+00,2.789936301490478332e+00,2.782859764280361858e+00,2.796416332173530250e+00
7.500000000000000000e+01,2.365985566899467176e-03,2.790033243633653459e+00,2.790448051829130360e+00,2.783291806060381735e+00,2.797011785074310808e+00
7.600000000000000000e+01,2.322676447700724664e-03,2.790463483795350808e+00,2.790885491018614939e+00,2.783654158792299160e+00,2.797540044891261513e+00
7.700000000000000000e+01,2.280704727268146464e-03,2.790820826072136995e+00,2.791250173292770143e+00,2.783892885850068666e+00,2.797976924280976885e+00
7.800000000000000000e+01,2.240013613272398476e-03,2.791106791004872356e+00,2.791543616361865432e+00,2.784072757380700480e+00,2.798386514710157869e+00
7.900000000000000000e+01,2.200549378448300904e-03,2.791322863583688196e+00,2.791767302260346639e+00,2.784222600211226695e+00,2.798784649018764892e+00
8.000000000000000000e+01,2.162261160202681807e-03,2.791470494076749187e+00,2.791922678190824403e+00,2.784306279975449439e+00,2.799012893971065896e+00
8.100000000000000000e+01,2.125100775583376594e-03,2.791551098853094715e+00,2.792011157362629170e+00,2.784416343353850465e+00,2.799151367400941837e+00
8.200000000000000000e+01,2.089022550261282560e-03,2.791566061198843318e+00,2.792034119822778049e+00,2.784338482977425144e+00,2.799195915888268438e+00
8.300000000000000000e+01,2.053983160310346705e-03,2.791516732125076672e+00,2.791992913277660637e+00,2.784174230125901595e+00,2.799140490239532486e+00
8.400000000000000000e+01,2.019941485688879230e-03,2.791404431165153799e+00,2.791888853904330947e+00,2.784060984714061160e+00,2.799056519908629692e+00
8.500000000000000000e+01,1.986858474431224542e-03,2.791230447160959471e+00,2.791723227149720099e+00,2.783812902541351164e+00,2.798941336168593974e+00
8.600000000000000000e+01,1.954697016653206190e-03,2.790996039037025866e+00,2.791497288516814557e+00,2.783491658214234832e+00,2.798761561719024904e+00
8.700000000000000000e+01,1.923421827559171175e-03,2.790702436561060651e+00,2.791212264337033844e+00,2.783111776177039420e+00,2.798520185458226894e+00
8.800000000000000000e+01,1.892999338714078513e-03,2.790350841090783796e+00,2.790869352527807212e+00,2.782690120542444134e+00,2.798218698751114175e+00
8.900000000000000000e+01,1.863397596911840195e-03,2.789942426305525025e+00,2.790469723334804808e+00,2.782242272518574921e+00,2.797859608659231778e+00
9.000000000000000000e+01,1.834586170032054871e-03,2.789478338923436773e+00,2.790014520058258007e+00,2.781740416313861708e+00,2.797436689055012415e+00
9.100000000000000000e+01,1.806536059331918798e-03,2.788959699402719927e+00,2.789504859763193512e+00,2.781171157504211511e+00,2.796950438565034780e+00
9.200000000000000000e+01,1.779219617669477701e-03,2.788387602627009798e+00,2.788941833973118012e+00,2.780548298675006524e+00,2.796387272241220412e+00
9.300000000000000000e+01,1.752610473198654237e-03,2.787763118574987597e+00,2.788326509346867876e+00,2.779859407708614505e+00,2.795809640005125996e+00
9.400000000000000000e+01,1.726683458116666254e-03,2.787087292973541075e+00,2.787659928338857451e+00,2.779137753155260793e+00,2.795189902556004302e+00
9.500000000000000000e+01,1.701414542080520497e-03,2.786361147935352722e+00,2.786943109842480393e+00,2.778377987589836895e+00,2.794492199323365345e+00
9.600000000000000000e+01,1.676780769942083291e-03,2.785585682579545974e+00,2.786177049816750628e+00,2.777556410727416214e+00,2.793742176954618461e+00
9.700000000000000000e+01,1.652760203480777013e-03,2.784761873636926843e+00,2.785362721896339266e+00,2.776687129096880202e+00,2.792940838278840765e+00
9.800000000000000000e+01,1.629331866839839197e-03,2.783890676039108225e+00,2.784501077984997686e+00,2.775770487682138299e+00,2.792098884987937790e+00
9.900000000000000000e+01,1.606475695396401273e-03,2.782973023491883691e+00,2.783593048832877948e+00,2.774808571638012200e+00,2.791193067685493023e+00
1.000000000000000000e+02,1.584172487817783141e-03,2.782009829032860537e+00,2.782639544597747872e+00,2.773726953221286706e+00,2.790267268576422044e+00
1.010000000000000000e+02,1.562403861076476150e-03,2.781001985574349078e+00,2.781641455390326811e+00,2.772717171597277375e+00,2.789268715320908143e+00
1.020000000000000000e+02,1.541152208214587992e-03,2.779950366430574249e+00,2.780599651804183559e+00,2.771659021614727436e+00,2.788221802106813918e+00
1.030000000000000000e+02,1.520400658665187589e-03,2.778855825830385928e+00,2.779514985430465934e+00,2.770524320284785791e+00,2.787150659425945420e+00
1.040000000000000000e+02,1.500133040953150008e-03,2.777719199416210927e+00,2.778388289357878183e+00,2.769348353249471817e+00,2.786105444833101519e+00
1.050000000000000000e+02,1.480333847611974224e-03,2.776541304727162096e+00,2.777220378657957234e+00,2.768133537299301228e+00,2.784978821961228146e+00
1.060000000000000000e+02,1.460988202165718281e-03,2.775322941670196109e+00,2.776012050856198510e+00,2.766879181117317898e+00,2.783753237806207537e+00
1.070000000000000000e+02,1.442081828036691086e-03,2.774064892977028851e+00,2.774764086389572171e+00,2.765601870049516631e+00,2.782485584291598979e+00
1.080000000000000000e+02,1.423601019250234903e-03,2.772767924647321358e+00,2.773477249050475990e+00,2.764267347517014972e+00,2.781176621769074764e+00
1.090000000000000000e+02,1.405532612817503258e-03,2.771432786380185309e+00,2.772152286417559175e+00,2.762895006299963097e+00,2.779828325433524761e+00
1.100000000000000000e+02,1.387863962686115317e-03,2.770060211992665167e+00,2.770789930273855894e+00,2.761558464479154207e+00,2.778441442609031142e+00
1.110000000000000000e+02,1.370582915156637067e-03,2.768650919825546453e+00,2.769390897012675268e+00,2.760094717037713696e+00,2.777016705369016680e+00
1.120000000000000000e+02,1.353677785670389169e-03,2.767205613138632447e+00,2.767955888031425005e+00,2.758596657298254762e+00,2.775629596927694731e+00
1.130000000000000000e+02,1.337137336880849783e-03,2.765724980494059793e+00,2.766485590113730630e+00,2.757085272722231917e+00,2.774186325268423126e+00
1.140000000000000000e+02,1.320950757927356715e-03,2.764209696127327032e+00,2.764980675800427168e+00,2.755586714567620277e+00,2.772747272688758535e+00
1.150000000000000000e+02,1.305107644835502931e-03,2.762660420309752229e+00,2.763441803749564052e+00,2.753998639465947473e+00,2.771244737218219178e+00
1.160000000000000000e+02,1.289597981974046096e-03,2.761077799698535173e+00,2.761869619085542293e+00,2.752436495200218936e+00,2.769698056033871314e+00
1.170000000000000000e+02,1.274412124503049738e-03,2.759462467678269082e+00,2.760264753738519872e+00,2.750817642673107688e+00,2.768139363366620032e+00
1.180000000000000000e+02,1.259540781752505143e-03,2.757815044690803408e+00,2.758627826773522695e+00,2.749159212120194429e+00,2.766547554776550566e+00
1.190000000000000000e+02,1.244975001474925378e-03,2.756136138557235160e+00,2.756959444709770501e+00,2.747576338532565554e+00,2.764922244000997953e+00
1.200000000000000000e+02,1.230706154919182548e-03,2.754426344790060099e+00,2.755260201831138289e+00,2.745897565930697226e+00,2.763274805008690382e+00
1.210000000000000000e+02,1.216725922676553098e-03,2.752686246895481137e+00,2.753530680487311866e+00,2.744187103807270489e+00,2.761578370088876522e+00
1.220000000000000000e+02,1.203026281253125008e-03,2.750916416669528353e+00,2.751771451386205491e+00,2.742387423815901837e+00,2.759859029763907845e+00
1.230000000000000000e+02,1.189599490325863630e-03,2.749117414482439958e+00,2.749983073878066175e+00,2.740559238490703375e+00,2.758068937580307800e+00
1.240000000000000000e+02,1.176438080642439911e-03,2.747289789557494366e+00,2.748166096231306810e+00,2.738705443803084894e+00,2.756244946472122148e+00
1.250000000000000000e+02,1.163534842527512089e-03,2.745434080241466290e+00,2.746321055900570851e+00,2.736825162838116388e+00,2.754448913928871256e+00
1.260000000000000000e+02,1.150882814960652555e-03,2.743550814265863558e+00,2.744448479786939288e+00,2.734919194783186125e+00,2.752624268893026027e+00
1.270000000000000000e+02,1.138475275193306631e-03,2.741640509003168358e+00,2.742548884490938033e+00,2.732987389216541274e+00,2.750771377649140703e+00
1.280000000000000000e+02,1.126305728874286418e-03,2.739703671714433852e+00,2.740622776558311546e+00,2.731030240434983547e+00,2.748891196936251280e+00
1.290000000000000000e+02,1.114367900655260663e-03,2.737740799790269630e+00,2.738670652718873999e+00,2.728977991682764781e+00,2.746983773403645746e+00
1.300000000000000000e+02,1.102655725249476054e-03,2.735752380984968646e+00,2.736693000118727515e+00,2.726983504291946581e+00,2.745049349126160276e+00
1.310000000000000000e+02,1.091163338918660960e-03,2.733738893644506174e+00,2.734690296545837729e+00,2.724987461790773224e+00,2.743026042290843680e+00
1.320000000000000000e+02,1.079885071364583343e-03,2.731700806928523573e+00,2.732663010649613700e+00,2.722835501371477118e+00,2.740968145080557417e+00
1.330000000000000000e+02,1.068815438003231427e-03,2.729638581024739441e+00,2.730611602154198181e+00,2.720661145004505066e+00,2.738883269228279183e+00
1.340000000000000000e+02,1.057949132600910589e-03,2.727552667359813388e+00,2.728536522065826642e+00,2.718480357708554340e+00,2.736783710377176160e+00
1.350000000000000000e+02,1.047281020252808928e-03,2.725443508802498638e+00,2.726438212874883416e+00,2.716432640255715292e+00,2.734635814226419548e+00
1.360000000000000000e+02,1.036806130685798914e-03,2.723311539861344777e+00,2.724317108752067007e+00,2.714222736047857243e+00,2.732498526461247135e+00
1.370000000000000000e+02,1.026519651868282269e-03,2.721157186879191059e+00,2.722173635739352004e+00,2.712020964534602729e+00,2.730335341147237305e+00
1.380000000000000000e+02,1.016416923910951455e-03,2.718980868219973424e+00,2.720008211935930120e+00,2.709778937679165001e+00,2.728246164254887418e+00
1.390000000000000000e+02,1.006493433243290433e-03,2.716782994451389932e+00,2.717821247678930074e+00,2.707505889519580045e+00,2.726085897930249580e+00
1.400000000000000000e+02,9.967448070515099682e-04,2.714563968523529436e+00,2.715613145719606880e+00,2.705137805318206023e+00,2.723903719135014168e+00
1.410000000000000000e+02,9.871668079644692426e-04,2.712324185941164423e+00,2.713384301394501819e+00,2.702843989728241247e+00,2.721698682694178917e+00
1.420000000000000000e+02,9.777553289749116219e-04,2.710064034932832211e+00,2.711135102792217921e+00,2.700578816047503494e+00,2.719472814655638615e+00
1.430000000000000000e+02,9.685063885840549617e-04,2.707783896615178598e+00,2.708865930916015241e+00,2.698310716639828133e+00,2.717210854424404243e+00
1.440000000000000000e+02,9.594161261582904564e-04,2.705484145152440068e+00,2.706577159841748070e+00,2.696023885171835666e+00,2.714899955877311921e+00
1.450000000000000000e+02,9.504807974873547656e-04,2.703165147911976707e+00,2.704269156871964785e+00,2.693680406949163331e+00,2.712606311577347551e+00
1.460000000000000000e+02,9.416967705339635702e-04,2.700827265616226214e+00,2.701942282685931396e+00,2.691309998264060699e+00,2.710300487124735369e+00
1.470000000000000000e+02,9.330605213654309584e-04,2.698470852490685523e+00,2.699596891485629424e+00,2.688851808854812120e+00,2.707976409181975797e+00
1.480000000000000000e+02,9.245686302583555572e-04,2.696096256406756986e+00,2.697233331138228163e+00,2.686515261558880319e+00,2.705678539716591224e+00
1.490000000000000000e+02,9.162177779679263941e-04,2.693703819023228085e+00,2.694851943314786169e+00,2.684162595338544399e+00,2.703336393474462529e+00
1.500000000000000000e+02,9.080047421538644213e-04,2.691293875921962453e+00,2.692453063625344534e+00,2.681764302708562475e+00,2.700956542513103020e+00
1.510000000000000000e+02,8.999263939554810873e-04,2.688866756741004505e+00,2.690037021750751212e+00,2.679337107334661905e+00,2.698543875413524251e+00
1.520000000000000000e+02,8.919796947086942093e-04,2.686422785305111915e+00,2.687604141570914873e+00,2.676858058040961108e+00,2.696080271109786430e+00
1.530000000000000000e+02,8.841616927982775750e-04,2.683962279751353375e+00,2.685154741290008751e+00,2.674334308569612961e+00,2.693646826529627170e+00
1.540000000000000000e+02,8.764695206389446630e-04,2.681485552652926430e+00,2.682689133558606276e+00,2.671794624226646153e+00,2.691197282798299284e+00
1.550000000000000000e+02,8.689003917792258473e-04,2.678992911138939892e+00,2.680207625592377241e+00,2.669239331444913432e+00,2.688732169173195796e+00
1.560000000000000000e+02,8.614515981224130916e-04,2.676484657011633850e+00,2.677710519288282853e+00,2.666668750912060570e+00,2.686250717835178659e+00
1.570000000000000000e+02,8.541205072591438567e-04,2.673961086861043945e+00,2.675198111337603990e+00,2.664083197683909443e+00,2.683754576505753775e+00
1.580000000000000000e+02,8.469045599064833679e-04,2.671422492175948182e+00,2.672670693336220538e+00,2.661495079763212424e+00,2.681263279941064503e+00
1.590000000000000000e+02,8.398012674486340316e-04,2.668869159452389894e+00,2.670128551892183566e+00,2.658914195101642175e+00,2.678745946270971512e+00
1.600000000000000000e+02,8.328082095746425651e-04,2.666301370299801299e+00,2.667571968730774401e+00,2.656287181494438432e+00,2.676173487306219734e+00
1.610000000000000000e+02,8.259230320087228207e-04,2.663719401544734744e+00,2.665001220796780146e+00,2.653709911614004380e+00,2.673642627781182224e+00
1.620000000000000000e+02,8.191434443290258709e-04,2.661123525331265949e+00,2.662416580354312501e+00,2.651085394571391696e+00,2.671067543250568832e+00
1.630000000000000000e+02,8.124672178709150877e-04,2.658514009218891694e+00,2.659818315084328422e+00,2.648414909770601344e+00,2.668446284382390399e+00
1.640000000000000000e+02,8.058921837109833848e-04,2.655891116279188502e+00,2.657206688179782006e+00,2.645732033548565898e+00,2.665882051885506865e+00
1.650000000000000000e+02,7.994162307282514507e-04,2.653255105189215257e+00,2.654581958438285927e+00,2.642993634412844184e+00,2.663279019734954289e+00
1.660000000000000000e+02,7.930373037391600342e-04,2.650606230322876566e+00,2.651944380352632358e+00,2.640331435008493433e+00,2.660705854309969531e+00
1.670000000000000000e+02,7.867534017031341427e-04,2.647944741839585614e+00,2.649294204199323488e+00,2.637614947381542674e+00,2.658110753769284962e+00
1.680000000000000000e+02,7.805625759956617013e-04,2.645270885771642710e+00,2.646631676124682642e+00,2.634940476876289850e+00,2.655497828398309945e+00
1.690000000000000000e+02,7.744629287459660512e-04,2.642584904108950639e+00,2.643957038229124201e+00,2.632278570798686435e+00,2.652865411980277699e+00
1.700000000000000000e+02,7.684526112365132073e-04,2.639887034882034467e+00,2.641270528649323879e+00,2.629605458768188520e+00,2.650220164827488567e+00
1.710000000000000000e+02,7.625298223617041956e-04,2.637177512243039867e+00,2.638572381638406572e+00,2.626887328603535909e+00,2.647552419897464926e+00
1.720000000000000000e+02,7.566928071432560930e-04,2.634456566543768918e+00,2.635862827644416040e+00,2.624137367025553669e+00,2.644839491413064181e+00
1.730000000000000000e+02,7.509398552998728651e-04,2.631724424413580454e+00,2.633142093386664939e+00,2.621376079899293554e+00,2.642117117972621276e+00
1.740000000000000000e+02,7.452692998689308028e-04,2.628981308834486885e+00,2.630410401930496800e+00,2.618603688392943329e+00,2.639450638573518582e+00
1.750000000000000000e+02,7.396795158780131900e-04,2.626227439213868475e+00,2.627667972760147297e+00,2.615820410303806298e+00,2.636776624772215083e+00
1.760000000000000000e+02,7.341689190642264112e-04,2.623463031457422545e+00,2.624915021850044106e+00,2.613019401685235721e+00,2.634065622841606835e+00
1.770000000000000000e+02,7.287359646393196978e-04,2.620688298037756159e+00,2.622151761734373476e+00,2.610200860493202324e+00,2.631328337701801967e+00
1.780000000000000000e+02,7.233791460987488899e-04,2.617903448063310545e+00,2.619378401574853132e+00,2.607373764174957920e+00,2.628579334309827154e+00
1.790000000000000000e+02,7.180969940728645961e-04,2.615108687345978566e+00,2.616595147227231521e+00,2.604538313176582243e+00,2.625819352360456271e+00
1.800000000000000000e+02,7.128880752185422871e-04,2.612304218464544192e+00,2.613802201306053341e+00,2.601694704348689324e+00,2.623029551362924927e+00
1.810000000000000000e+02,7.077509911496064447e-04,2.609490240829834384e+00,2.610999763247987548e+00,2.598760605129770251e+00,2.620220807279215247e+00
1.820000000000000000e+02,7.026843774044951030e-04,2.606666950745695210e+00,2.608188029373616157e+00,2.595811084736004748e+00,2.617406051826164148e+00
1.830000000000000000e+02,6.976869024496854975e-04,2.603834541470296582e+00,2.605367192947861898e+00,2.592854615376639860e+00,2.614682308374726372e+00
1.840000000000000000e+02,6.927572667174464226e-04,2.600993203275776100e+00,2.602537444239018338e+00,2.590047233476536093e+00,2.611874839560390793e+00
1.850000000000000000e+02,6.878942016765768981e-04,2.598143123505149088e+00,2.599698970576425960e+00,2.587239447783191704e+00,2.609058413794091091e+00
1.860000000000000000e+02,6.830964689348244636e-04,2.595284486629938048e+00,2.596851956406793782e+00,2.584198948522002492e+00,2.606232097392060520e+00
1.870000000000000000e+02,6.783628593717476538e-04,2.592417474304679725e+00,2.593996583349306384e+00,2.581237279439902110e+00,2.603395927809124544e+00
1.880000000000000000e+02,6.736921923008426082e-04,2.589542265420942346e+00,2.591133030249357372e+00,2.578362238873049606e+00,2.600558747375203872e+00
1.890000000000000000e+02,6.690833146597948604e-04,2.586659036160890768e+00,2.588261473231088683e+00,2.575480651957127609e+00,2.597748437412754630e+00
1.900000000000000000e+02,6.645351002277778522e-04,2.583767960047306023e+00,2.585382085748820558e+00,2.572592489985948028e+00,2.594927260358264931e+00
1.910000000000000000e+02,6.600464488687666619e-04,2.580869207995249326e+00,2.582495038637302009e+00,2.569697445918431633e+00,2.592099042574786072e+00
1.920000000000000000e+02,6.556162857998615659e-04,2.577962948360613016e+00,2.579600500160720955e+00,2.566795540263598685e+00,2.589262047604083516e+00
1.930000000000000000e+02,6.512435608836945498e-04,2.575049346988688814e+00,2.576698636060624548e+00,2.563886102009534262e+00,2.586417083893280733e+00
1.940000000000000000e+02,6.469272479439851621e-04,2.572128567260624887e+00,2.573789609602861184e+00,2.560960019278180066e+00,2.583536759738803923e+00
1.950000000000000000e+02,6.426663441034057792e-04,2.569200770138694079e+00,2.570873581623325244e+00,2.557947756260711802e+00,2.580645226015556126e+00
1.960000000000000000e+02,6.384598691428944491e-04,2.566266114212679028e+00,2.567950710572833639e+00,2.554928110131331476e+00,2.577746147246297692e+00
1.970000000000000000e+02,6.343068648816401096e-04,2.563324755742822258e+00,2.565021152560913009e+00,2.551902080709517850e+00,2.574839104118097133e+00
1.980000000000000000e+02,6.302063945769618329e-04,2.560376848702585306e+00,2.562085061398557073e+00,2.548871318993179091e+00,2.571923872669281685e+00
1.990000000000000000e+02,6.261575423433614253e-04,2.557422544819811350e+00,2.559142588639964799e+00,2.545876026657794444e+00,2.569000529579112069e+00
2.000000000000000000e+02,6.221594125900378226e-04,2.554461993620181115e+00,2.556193883623631091e+00,2.542929685833532627e+00,2.566006512229769942e+00
2.010000000000000000e+02,6.182111294761898817e-04,2.551495342464020322e+00,2.553239093512184699e+00,2.539979238068852840e+00,2.563107330719643251e+00
2.020000000000000000e+02,6.143118363834810082e-04,2.548522736586706916e+00,2.550278363331755394e+00,2.537023213908090380e+00,2.560196122036195732e+00
2.030000000000000000e+02,6.104606954050134735e-04,2.545544319138404177e+00,2.547311836010029307e+00,2.534061746365068313e+00,2.557297003908290733e+00
2.040000000000000000e+02,6.066568868502518865e-04,2.542560231218581546e+00,2.544339652413446284e+00,2.531094966522643208e+00,2.554336178037433847e+00
2.050000000000000000e+02,6.028996087653060165e-04,2.539570611914075293e+00,2.541361951384125017e+00,2.528102755124931544e+00,2.551369488686638931e+00
2.060000000000000000e+02,5.991880764680330334e-04,2.536575598335576665e+00,2.538378869775599345e+00,2.524945426943546956e+00,2.548397078890069167e+00
2.070000000000000000e+02,5.955215220974300738e-04,2.533575325650617049e+00,2.535390542487469201e+00,2.521917850867105404e+00,2.545418417163918257e+00
2.080000000000000000e+02,5.918991941768255577e-04,2.530569927118557327e+00,2.532397102499808206e+00,2.518916507338622157e+00,2.542468660358530919e+00
2.090000000000000000e+02,5.883203571903647747e-04,2.527559534124946605e+00,2.529398680906921992e+00,2.515917435093194321e+00,2.539602660495529296e+00
2.100000000000000000e+02,5.847842911723456511e-04,2.524544276212580041e+00,2.526395406949478506e+00,2.512914362500331400e+00,2.536687641276504479e+00
2.110000000000000000e+02,5.812902913089448885e-04,2.521524281114063459e+00,2.523387408046883440e+00,2.509907404012224230e+00,2.533672863868095870e+00
2.120000000000000000e+02,5.778376675519126095e-04,2.518499674782798348e+00,2.520374809828583196e+00,2.506896672348082333e+00,2.530652891102970425e+00
2.130000000000000000e+02,5.744257442438187441e-04,2.515470581424131602e+00,2.517357736164590243e+00,2.503857335440812459e+00,2.527627854207119107e+00
2.140000000000000000e+02,5.710538597544572662e-04,2.512437123524408733e+00,2.514336309195540409e+00,2.500802551494204273e+00,2.524684070544903847e+00
2.150000000000000000e+02,5.677213661280290256e-04,2.509399421880606162e+00,2.511310649361916170e+00,2.497717151814129899e+00,2.521749803019926794e+00
2.160000000000000000e+02,5.644276287407319452e-04,2.506357595629194801e+00,2.508280875432900459e+00,2.494638396580979744e+00,2.518741363082780627e+00
2.170000000000000000e+02,5.611720259684118556e-04,2.503311762272303120e+00,2.505247104534252589e+00,2.491555557536270005e+00,2.515728562442002048e+00
2.180000000000000000e+02,5.579539488639351534e-04,2.500262037707117635e+00,2.502209452175754301e+00,2.488442384895065640e+00,2.512753635020950504e+00
2.190000000000000000e+02,5.547728008439472896e-04,2.497208536252708111e+00,2.499168032278433760e+00,2.485304853223903265e+00,2.509773545211155810e+00
2.200000000000000000e+02,5.516279973847190406e-04,2.494151370673750368e+00,2.496122957200492376e+00,2.482164858978641142e+00,2.506788665659957616e+00
2.210000000000000000e+02,5.485189657267695038e-04,2.491090652208226786e+00,2.493074337763127257e+00,2.479070000002236096e+00,2.503799291149417350e+00
2.220000000000000000e+02,5.454451445879729757e-04,2.488026490591974671e+00,2.490022283275898030e+00,2.476009998751020902e+00,2.500793341784185220e+00
2.230000000000000000e+02,5.424059838848792033e-04,2.484958994082738126e+00,2.486966901561151744e+00,2.472932792557716919e+00,2.497809654512937794e+00
2.240000000000000000e+02,5.394009444619683692e-04,2.481888269484810117e+00,2.483908298978390938e+00,2.469771879274002213e+00,2.494803996535305934e+00
2.250000000000000000e+02,5.364294978285881910e-04,2.478814422171860432e+00,2.480846580447784167e+00,2.466663305786826133e+00,2.491770738531527307e+00
2.260000000000000000e+02,5.334911259033198660e-04,2.475737556109884441e+00,2.477781849473166709e+00,2.463540129782203714e+00,2.488740113909263751e+00
2.270000000000000000e+02,5.305853207655342272e-04,2.472657773880149623e+00,2.474714208164976004e+00,2.460369893018993892e+00,2.485729973341360921e+00
2.280000000000000000e+02,5.277115844139031653e-04,2.469575176701073627e+00,2.471643757262246943e+00,2.457196624624427894e+00,2.482716715190080414e+00
2.290000000000000000e+02,5.248694285316475236e-04,2.466489864448887293e+00,2.468570596154286534e+00,2.454020435238621900e+00,2.479700434041395951e+00
2.300000000000000000e+02,5.220583742583032169e-04,2.463401935680464394e+00,2.465494822902050132e+00,2.450841434092634330e+00,2.476680404865896801e+00
2.310000000000000000e+02,5.192779519677949126e-04,2.460311487651829054e+00,2.462416534258914602e+00,2.447659830893521793e+00,2.473578940767104939e+00
2.320000000000000000e+02,5.165277010526292747e-04,2.457218616339604367e+00,2.459335825691048694e+00,2.444473823908520860e+00,2.470468238685207041e+00
2.330000000000000000e+02,5.138071697139948331e-04,2.454123416461727825e+00,2.456252791397437907e+00,2.441289876667449121e+00,2.467386142482659750e+00
2.340000000000000000e+02,5.111159147576033526e-04,2.451025981493605510e+00,2.453167524329248117e+00,2.438100916129872786e+00,2.464325012693421080e+00
2.350000000000000000e+02,5.084535013950813431e-04,2.447926403690269481e+00,2.450080116209252257e+00,2.434993597062635740e+00,2.461261081636984205e+00
2.360000000000000000e+02,5.058195030507361750e-04,2.444824774104362497e+00,2.446990657550585091e+00,2.431904280851625355e+00,2.458193932000388049e+00
2.370000000000000000e+02,5.032135011735406780e-04,2.441721182602654139e+00,2.443899237674899361e+00,2.428753372151660539e+00,2.455124325997382062e+00
2.380000000000000000e+02,5.006350850541662180e-04,2.438615717884927037e+00,2.440805944730370047e+00,2.425565053549414429e+00,2.452052351192569368e+00
2.390000000000000000e+02,4.980838516469114890e-04,2.435508467502017105e+00,2.437710865709725727e+00,2.422386129988714387e+00,2.449054211396448633e+00
2.400000000000000000e+02,4.955594053963751234e-04,2.432399517872241290e+00,2.434614086467240757e+00,2.419182323365333787e+00,2.446059514871246954e+00
2.410000000000000000e+02,4.930613580687314996e-04,2.429288954298067349e+00,2.431515691735607110e+00,2.415988524941338866e+00,2.443036778641659357e+00
2.420000000000000000e+02,4.905893285874640295e-04,2.426176860982573569e+00,2.428415765142821758e+00,2.412793991851300834e+00,2.439898706288302410e+00
2.430000000000000000e+02,4.881429428734262023e-04,2.423063321045162422e+00,2.425314389228261813e+00,2.409589654041841555e+00,2.436757665158725494e+00
2.440000000000000000e+02,4.857218336890951286e-04,2.419948416538682423e+00,2.422211645458691276e+00,2.406373977209488313e+00,2.433687445623981205e+00
2.450000000000000000e+02,4.833256404868926329e-04,2.416832228463771770e+00,2.419107614243991122e+00,2.403159090084258764e+00,2.430662889113580860e+00
2.460000000000000000e+02,4.809540092614558770e-04,2.413714836783082962e+00,2.416002374952306297e+00,2.399943970437770080e+00,2.427636463498946462e+00
2.470000000000000000e+02,4.786065924057353793e-04,2.410596320438656459e+00,2.412896005925261100e+00,2.396771284209050723e+00,2.424577782199773601e+00
2.480000000000000000e+02,4.762830485708042594e-04,2.407476757364227726e+00,2.409788584492664754e+00,2.393599257580131923e+00,2.421487950930543143e+00
2.490000000000000000e+02,4.739830425292805853e-04,2.404356224499821781e+00,2.406680186986793757e+00,2.390421528348745994e+00,2.418396754914923452e+00
2.500000000000000000e+02,4.717062450422394426e-04,2.401234797807625831e+00,2.403570888756874524e+00,2.387224213901716574e+00,2.415304273938698731e+00
2.510000000000000000e+02,4.694523327295261998e-04,2.398112552282890775e+00,2.400460764182740458e+00,2.384026890793125908e+00,2.412210586824809599e+00
2.520000000000000000e+02,4.672209879433662913e-04,2.394989561968417391e+00,2.397349886688576959e+00,2.380823949795059402e+00,2.409129791713419788e+00
2.530000000000000000e+02,4.650118986451732867e-04,2.391865899969539910e+00,2.394238328756226331e+00,2.377570002335245292e+00,2.406102341147914991e+00
2.540000000000000000e+02,4.628247582854632010e-04,2.388741638464705552e+00,2.391126161938361694e+00,2.374316419518357257e+00,2.403073697272383846e+00
2.550000000000000000e+02,4.606592656867919931e-04,2.385616848718372207e+00,2.388013456871366014e+00,2.371063274559348510e+00,2.400043927275770095e+00
2.560000000000000000e+02,4.585151249296175375e-04,nan,nan,nan,nan
