sigma,P_mean,Ds_of_mean_P,mean_of_Ds
0.000000000000000000e+00,1.000000000000000000e+00,nan,nan
1.000000000000000000e+00,1.999999999999997613e-01,4.000000000000006217e+00,4.000000000000006217e+00
2.000000000000000000e+00,1.999999999999997613e-01,8.748437499999980327e-01,8.748437499999982547e-01
3.000000000000000000e+00,1.125156250000000635e-01,2.788862657964163105e+00,2.789244207963616606e+00
4.000000000000000000e+00,9.540312500000003304e-02,1.716951095679520423e+00,1.717089407289100755e+00
5.000000000000000000e+00,7.156499999999998973e-02,2.444849088241461743e+00,2.445401093002789406e+00
6.000000000000000000e+00,6.040999999999999842e-02,2.126618109584505145e+00,2.127019561205331755e+00
7.000000000000000000e+00,5.015349999999999669e-02,2.381664390321712954e+00,2.382288372039625290e+00
8.000000000000000000e+00,4.334588499999999373e-02,2.305265747832811130e+00,2.305828780241081954e+00
9.000000000000000000e+00,3.766302699999999476e-02,2.397832702082069556e+00,2.398472840044711063e+00
1.000000000000000000e+01,3.331148080000000122e-02,2.389827413496428132e+00,2.390444799468305792e+00
1.100000000000000000e+01,2.970215800000000281e-02,2.428238518426845349e+00,2.428875152909301782e+00
1.200000000000000000e+01,2.675476042399999380e-02,2.436164793669094664e+00,2.436793826368235383e+00
1.300000000000000000e+01,2.427057421600000223e-02,2.455583214596984920e+00,2.456217619330468338e+00
1.400000000000000000e+01,2.217026698911999522e-02,2.465299565136250592e+00,2.465935214376083984e+00
1.500000000000000000e+01,2.036654924691199547e-02,2.477168776499406810e+00,2.477811199962016264e+00
1.600000000000000000e+01,1.880684166382080164e-02,2.485562317530595422e+00,2.486213172733811039e+00
1.700000000000000000e+01,1.744495068745215843e-02,2.493856585704459672e+00,2.494519371014349840e+00
1.800000000000000000e+01,1.624771194857420678e-02,2.500641603310809202e+00,2.501318806688038521e+00
1.900000000000000000e+01,1.518774488427355844e-02,2.506916089112864565e+00,2.507610188369070237e+00
2.000000000000000000e+01,1.424379605343068129e-02,2.512370918503647577e+00,2.513083863698554410e+00
2.100000000000000000e+01,1.339845993558674495e-02,2.517326695548702808e+00,2.518060020314181635e+00
2.200000000000000000e+01,1.263768648795009740e-02,2.521742646495217066e+00,2.522497405668640891e+00
2.300000000000000000e+01,1.194986934605492095e-02,2.525736247765287601e+00,2.526513018530617938e+00
2.400000000000000000e+01,1.132541613302008934e-02,2.529321740490213077e+00,2.530120643991984331e+00
2.500000000000000000e+01,1.075630179416549141e-02,2.532549729980891229e+00,2.533370447402726100e+00
2.600000000000000000e+01,1.023578136484381770e-02,2.535439230211663286e+00,2.536281043884598851e+00
2.700000000000000000e+01,9.758140193231087597e-03,2.538015599360158081e+00,2.538877428693533389e+00
2.800000000000000000e+01,9.318510548874786234e-03,2.540293374748560318e+00,2.541173824081564447e+00
2.900000000000000000e+01,8.912720528594259353e-03,2.542286886907936694e+00,2.543184290807712244e+00
3.000000000000000000e+01,8.537176323822360038e-03,2.544006198915166550e+00,2.544918670762150281e+00
3.100000000000000000e+01,8.188766212293063437e-03,2.545460259650220713e+00,2.546385737630435298e+00
3.200000000000000000e+01,7.864783453855958215e-03,2.546656107365582233e+00,2.547592399301809696e+00
3.300000000000000000e+01,7.562863124297124207e-03,2.547599908399471591e+00,2.548544733162736442e+00
3.400000000000000000e+01,7.280930441653015936e-03,2.548296906323658018e+00,2.549247932049685694e+00
3.500000000000000000e+01,7.017158050190591169e-03,2.548751815971327161e+00,2.549706694308115473e+00
3.600000000000000000e+01,6.769930603842127734e-03,2.548968901308178658e+00,2.549925297771911570e+00
3.700000000000000000e+01,6.537815200934811097e-03,2.548952147925734657e+00,2.549907768231714833e+00
3.800000000000000000e+01,6.319536601162011394e-03,2.548705335042926290e+00,2.549657947583066075e+00
3.900000000000000000e+01,6.113956341714267377e-03,2.548232119221456760e+00,2.549179573841031665e+00
4.000000000000000000e+01,5.920055064611395683e-03,2.547536081492522531e+00,2.548476324829222150e+00
4.100000000000000000e+01,5.736917494676265460e-03,2.546620769829148756e+00,2.547551857484621873e+00
4.200000000000000000e+01,5.563719619568986349e-03,2.545489726045714551e+00,2.546409831893065245e+00
4.300000000000000000e+01,5.399717705861698143e-03,2.544146506934535701e+00,2.545053929862958420e+00
4.400000000000000000e+01,5.244238853527111860e-03,2.542594697823406857e+00,2.543487866220318860e+00
4.500000000000000000e+01,5.096672844427663218e-03,2.540837921959438361e+00,2.541715396217241629e+00
4.600000000000000000e+01,4.956465083772829995e-03,2.538879845866394369e+00,2.539740319185277428e+00
4.700000000000000000e+01,4.823110468168286501e-03,2.536724182058114785e+00,2.537566479796539376e+00
4.800000000000000000e+01,4.696148042127295391e-03,2.534374689519356405e+00,2.535197767323214002e+00
4.900000000000000000e+01,4.575156327830717795e-03,2.531835172608791762e+00,2.532638113528120183e+00
5.000000000000000000e+01,4.459749231699020044e-03,2.529109478717275206e+00,2.529891489498265589e+00
5.100000000000000000e+01,4.349572446738876261e-03,2.526201495030300226e+00,2.526961901749149142e+00
5.200000000000000000e+01,4.244300282332464161e-03,2.523115144620710737e+00,2.523853387806549886e+00
5.300000000000000000e+01,4.143632863649049369e-03,2.519854382072581611e+00,2.520570011448019176e+00
5.400000000000000000e+01,4.047293651593482713e-03,2.516423188782450637e+00,2.517115857733112971e+00
5.500000000000000000e+01,3.955027241488274538e-03,2.512825568059807502e+00,2.513495027928810188e+00
5.600000000000000000e+01,3.866597404779213883e-03,2.509065540119887139e+00,2.509711634409205860e+00
5.700000000000000000e+01,3.781785343169551117e-03,2.505147137044832384e+00,2.505769795592879934e+00
5.800000000000000000e+01,3.700388128895717218e-03,2.501074397773385805e+00,2.501673630966398054e+00
5.900000000000000000e+01,3.622217308497040038e-03,2.496851363166693094e+00,2.497427256231881998e+00
6.000000000000000000e+01,3.547097650515940517e-03,2.492482071188074411e+00,2.493034778607728263e+00
6.100000000000000000e+01,3.474866020185967980e-03,2.487970552227156240e+00,2.488500292304792083e+00
6.200000000000000000e+01,3.405370366398605044e-03,2.483320824591740639e+00,2.483827874194799001e+00
6.300000000000000000e+01,3.338468808148463765e-03,2.478536890185218944e+00,2.479021579683163168e+00
6.400000000000000000e+01,3.274028809291801116e-03,2.473622730383341572e+00,2.474085438794608294e+00
6.500000000000000000e+01,3.211926431857930857e-03,2.468582302120199579e+00,2.469023452477265845e+00
6.600000000000000000e+01,3.152045659362623115e-03,2.463419534189590365e+00,2.463839589128039798e+00
6.700000000000000000e+01,3.094277782616546100e-03,2.458138323766103639e+00,2.458537781339982686e+00
6.800000000000000000e+01,3.038520841424895754e-03,2.452742533147544535e+00,2.453121922870989735e+00
6.900000000000000000e+01,2.984679116357456287e-03,2.447235986717931411e+00,2.447595865830970219e+00
7.000000000000000000e+01,2.932662665448729916e-03,2.441622468129761803e+00,2.441963418084337256e+00
7.100000000000000000e+01,2.882386901280242948e-03,2.435905717701960960e+00,2.436228340862795161e+00
7.200000000000000000e+01,2.833772204414113267e-03,2.430089430029011233e+00,2.430394346582938070e+00
7.300000000000000000e+01,2.786743569598899243e-03,2.424177251796355126e+00,2.424465096862694846e+00
7.400000000000000000e+01,2.741230281564641710e-03,2.418172779795608296e+00,2.418444200729707116e+00
7.500000000000000000e+01,2.697165617571452376e-03,2.412079559132633833e+00,2.412335213014659807e+00
7.600000000000000000e+01,2.654486574181449086e-03,2.405901081622262350e+00,2.406141632921872553e+00
7.700000000000000000e+01,2.613133615992834988e-03,2.399640784361243284e+00,2.399866902769799637e+00
7.800000000000000000e+01,2.573050444312335091e-03,2.393302048471609211e+00,2.393514406893415103e+00
7.900000000000000000e+01,2.534183783951892734e-03,2.386888198007180328e+00,2.387087470700706149e+00
8.000000000000000000e+01,2.496483186521247094e-03,2.380402499014835804e+00,2.380589359875340705e+00
8.100000000000000000e+01,2.459900848752596524e-03,2.373848158742447811e+00,2.374023279717866863e+00
8.200000000000000000e+01,2.424391444539761471e-03,2.367228324985222621e+00,2.367392374617388384e+00
8.300000000000000000e+01,2.389911969504226238e-03,2.360546085563306029e+00,2.360699727646407897e+00
8.400000000000000000e+01,2.356421597016218183e-03,2.353804467922358867e+00,2.353948360271400198e+00
8.500000000000000000e+01,2.323881544702255820e-03,2.347006438849190690e+00,2.347141232171571890e+00
8.600000000000000000e+01,2.292254950562818208e-03,2.340154904296114058e+00,2.340281241159204217e+00
8.700000000000000000e+01,2.261506757906248544e-03,2.333252709305759343e+00,2.333371223194414590e+00
8.800000000000000000e+01,2.231603608378932707e-03,2.326302638029968506e+00,2.326413952487976555e+00
8.900000000000000000e+01,2.202513742437963232e-03,2.319307413836074527e+00,2.319412141685864626e+00
9.000000000000000000e+01,2.174206906672053984e-03,2.312269699493977093e+00,2.312368442129459911e+00
9.100000000000000000e+01,2.146654267429870793e-03,2.305192097438256926e+00,2.305285444185587895e+00
9.200000000000000000e+01,2.119828330263136967e-03,2.298077150098890797e+00,2.298165677640956694e+00
9.300000000000000000e+01,2.093702864735196879e-03,2.290927340295390024e+00,2.291011612155639643e+00
9.400000000000000000e+01,2.068252834184893495e-03,2.283745091689223017e+00,2.283825657770690132e+00
9.500000000000000000e+01,2.043454330070919485e-03,2.276532769289166591e+00,2.276610165465151603e+00
9.600000000000000000e+01,2.019284510553816768e-03,2.269292680004401319e+00,2.269367427757857936e+00
9.700000000000000000e+01,1.995721543001689833e-03,2.262027073242204089e+00,2.262099679349857784e+00
9.800000000000000000e+01,1.972744550131935032e-03,2.254738141544722296e+00,2.254809097803568640e+00
9.900000000000000000e+01,1.950333559525088212e-03,2.247428021261078879e+00,2.247497804254661169e+00
1.000000000000000000e+02,1.928469456268474972e-03,2.240098793251686260e+00,2.240167864153356003e+00
1.010000000000000000e+02,1.907133938506990747e-03,2.232752483620609407e+00,2.232821288031574980e+00
1.020000000000000000e+02,1.886309475696211230e-03,2.225391064472723279e+00,2.225460032293008705e+00
1.030000000000000000e+02,1.865979269369298817e-03,2.218016454693071182e+00,2.218086000023140603e+00
1.040000000000000000e+02,1.846127216244004832e-03,2.210630520745157312e+00,2.210701041816378165e+00
1.050000000000000000e+02,1.826737873509613318e-03,2.203235077485270921e+00,2.203306956617947066e+00
1.060000000000000000e+02,1.807796426146031192e-03,2.195831888990942282e+00,2.195905492577826745e+00
1.070000000000000000e+02,1.789288656138525446e-03,2.188422669400734488e+00,2.188498347914851205e+00
1.080000000000000000e+02,1.771200913461964607e-03,2.181009083763346457e+00,2.181087171788904211e+00
1.090000000000000000e+02,1.753520088717872840e-03,2.173592748894366711e+00,2.173673565178994238e+00
1.100000000000000000e+02,1.736233587316296945e-03,2.166175234238052028e+00,2.166259081765542049e+00
1.110000000000000000e+02,1.719329305102446906e-03,2.158758062732963001e+00,2.158845228815621020e+00
1.120000000000000000e+02,1.702795605335369290e-03,2.151342711680153119e+00,2.151433468069110955e+00
1.130000000000000000e+02,1.686621296932632255e-03,2.143930613611934266e+00,2.144025216624513952e+00
1.140000000000000000e+02,1.670795613901176948e-03,2.136523157159654129e+00,2.136621847823499287e+00
1.150000000000000000e+02,1.655308195880170457e-03,2.129121687920223938e+00,2.129224692132428931e+00
1.160000000000000000e+02,1.640149069726911128e-03,2.121727509319558003e+00,2.121835038020206454e+00
1.170000000000000000e+02,1.625308632081683656e-03,2.114341883471604788e+00,2.114454132831331101e+00
1.180000000000000000e+02,1.610777632851883396e-03,2.106966032033149361e+00,2.107083183653110758e+00
1.190000000000000000e+02,1.596547159559838893e-03,2.099601137052428346e+00,2.099723358176478261e+00
1.200000000000000000e+02,1.582608622502558503e-03,2.092248341811400181e+00,2.092375785549437595e+00
1.210000000000000000e+02,1.568953740675110538e-03,2.084908751660442761e+00,2.085041557222528485e+00
1.220000000000000000e+02,1.555574528412608697e-03,2.077583434845589938e+00,2.077721727785744044e+00
1.230000000000000000e+02,1.542463282708735322e-03,2.070273423327407603e+00,2.070417315796412083e+00
1.240000000000000000e+02,1.529612571171549799e-03,2.062979713590456399e+00,2.063129304597197233e+00
1.250000000000000000e+02,1.517015220579865601e-03,2.055703267443514726e+00,2.055858643124248264e+00
1.260000000000000000e+02,1.504664306005889206e-03,2.048445012810390153e+00,2.048606246705106493e+00
1.270000000000000000e+02,1.492553140471995993e-03,2.041205844510247225e+00,2.041372997845233961e+00
1.280000000000000000e+02,1.480675265111609188e-03,2.033986625027190520e+00,2.034159747003971841e+00
1.290000000000000000e+02,1.469024439806014722e-03,2.026788185269836173e+00,2.026967313359139045e+00
1.300000000000000000e+02,1.457594634270745074e-03,2.019611325319143891e+00,2.019796485559731014e+00
1.310000000000000000e+02,1.446380019566802320e-03,2.012456815165684976e+00,2.012648022467201425e+00
1.320000000000000000e+02,1.435374960013518445e-03,2.005325395435314739e+00,2.005522653884744599e+00
1.330000000000000000e+02,1.424574005481294304e-03,1.998217778102968856e+00,1.998421081274534883e+00
1.340000000000000000e+02,1.413971884043773494e-03,1.991134647195933915e+00,1.991343978462913666e+00
1.350000000000000000e+02,1.403563494970246029e-03,1.984076659484362182e+00,1.984291992333340637e+00
1.360000000000000000e+02,1.393343902040256738e-03,1.977044445160376140e+00,1.977265743507190310e+00
1.370000000000000000e+02,1.383308327163431523e-03,1.970038608505818356e+00,1.970265827012174009e+00
1.380000000000000000e+02,1.373452144288581133e-03,1.963059728547930316e+00,1.963292812938782106e+00
1.390000000000000000e+02,1.363770873587049530e-03,1.956108359702988020e+00,1.956347247084170071e+00
1.400000000000000000e+02,1.354260175896184913e-03,1.949185032408339957e+00,1.949429651583889589e+00
1.410000000000000000e+02,1.344915847409595749e-03,1.942290253743093942e+00,1.942540525531780471e+00
1.420000000000000000e+02,1.335733814601658019e-03,1.935424508036337032e+00,1.935680345587326157e+00
1.430000000000000000e+02,1.326710129374434385e-03,1.928588257464476152e+00,1.928849566571241070e+00
1.440000000000000000e+02,1.317840964415848857e-03,1.921781942636319629e+00,1.922048622048980970e+00
1.450000000000000000e+02,1.309122608758595419e-03,1.915005983167129111e+00,1.915277924902559548e+00
1.460000000000000000e+02,1.300551463529834575e-03,1.908260778241264832e+00,1.908537867890556017e+00
1.470000000000000000e+02,1.292124037882305980e-03,1.901546707162832028e+00,1.901828824196202250e+00
1.480000000000000000e+02,1.283836945097990758e-03,1.894864129896008498e+00,1.895151147964399652e+00
1.490000000000000000e+02,1.275686898855944804e-03,1.888213387594031678e+00,1.888505174827206590e+00
1.500000000000000000e+02,1.267670709656392716e-03,1.881594803116538595e+00,1.881891222417831910e+00
1.510000000000000000e+02,1.259785281393594652e-03,1.875008681536794564e+00,1.875309590873709187e+00
1.520000000000000000e+02,1.252027608070397594e-03,1.868455310637838540e+00,1.868760563328712321e+00
1.530000000000000000e+02,1.244394770647776725e-03,1.861934961398288513e+00,1.862244406394279350e+00
1.540000000000000000e+02,1.236883934023010013e-03,1.855447888467280926e+00,1.855761370629991358e+00
1.550000000000000000e+02,1.229492344130490378e-03,1.848994330629146976e+00,1.849311691003644231e+00
1.560000000000000000e+02,1.222217325159466678e-03,1.842574511258344927e+00,1.842895587340926511e+00
1.570000000000000000e+02,1.215056276883328930e-03,1.836188638763701420e+00,1.836513264764845665e+00
1.580000000000000000e+02,1.208006672095315783e-03,1.829836907023176140e+00,1.830164914125149700e+00
1.590000000000000000e+02,1.201066054145795686e-03,1.823519495808866964e+00,1.823850712418049635e+00
1.600000000000000000e+02,1.194232034576516496e-03,1.817236571201976680e+00,1.817570823195679086e+00
1.610000000000000000e+02,1.187502290847462002e-03,1.810988285998770486e+00,1.811325396966543932e+00
1.620000000000000000e+02,1.180874564152159609e-03,1.804774780107439636e+00,1.805114571586524663e+00
1.630000000000000000e+02,1.174346657317510258e-03,1.798596180934814104e+00,1.798938472640145392e+00
1.640000000000000000e+02,1.167916432784399860e-03,1.792452603764975727e+00,1.792797213813396517e+00
1.650000000000000000e+02,1.161581810665532821e-03,1.786344152129011320e+00,1.786690897257357191e+00
1.660000000000000000e+02,1.155340766877116206e-03,1.780270918165666627e+00,1.780619613942962642e+00
1.670000000000000000e+02,1.149191331341180115e-03,1.774232982973197759e+00,1.774583444007515887e+00
1.680000000000000000e+02,1.143131586255485051e-03,1.768230416953968653e+00,1.768582457092511717e+00
1.690000000000000000e+02,1.137159664428098044e-03,1.762263280149662936e+00,1.762616712673290342e+00
1.700000000000000000e+02,1.131273747673893632e-03,1.756331622568344297e+00,1.756686260380697862e+00
1.710000000000000000e+02,1.125472065270327095e-03,1.750435484505065364e+00,1.750791140314578387e+00
1.720000000000000000e+02,1.119752892469984967e-03,1.744574896853092527e+00,1.744931383349732634e+00
1.730000000000000000e+02,1.114114549067526071e-03,1.738749881407812392e+00,1.739107011434250394e+00
1.740000000000000000e+02,1.108555398018737110e-03,1.732960451163940485e+00,1.733318037880080764e+00
1.750000000000000000e+02,1.103073844109533127e-03,1.727206610604180570e+00,1.727564467646466317e+00
1.760000000000000000e+02,1.097668332672848248e-03,1.721488355981933616e+00,1.721846297616469235e+00
1.770000000000000000e+02,1.092337348351428514e-03,1.715805675596240087e+00,1.716163516866052952e+00
1.780000000000000000e+02,1.087079413904672382e-03,1.710158550059073912e+00,1.710516106926371682e+00
1.790000000000000000e+02,1.081893089057707827e-03,1.704546952557586703e+00,1.704904042039725898e+00
1.800000000000000000e+02,1.076776969391005177e-03,1.698970849108412340e+00,1.699327289408385955e+00
1.810000000000000000e+02,1.071729685268893277e-03,1.693430198805718101e+00,1.693785809437393874e+00
1.820000000000000000e+02,1.066749900805420139e-03,1.687924954062889560e+00,1.688279555970755519e+00
1.830000000000000000e+02,1.061836312866071405e-03,1.682455060848246475e+00,1.682808476521692409e+00
1.840000000000000000e+02,1.056987650103923069e-03,1.677020458914601164e+00,1.677372512496856594e+00
1.850000000000000000e+02,1.052202672028873867e-03,1.671621082022046068e+00,1.671971599414443066e+00
1.860000000000000000e+02,1.047480168108661479e-03,1.666256858155846343e+00,1.666605667116638712e+00
1.870000000000000000e+02,1.042818956900415286e-03,1.660927709738595048e+00,1.661274639976489498e+00
1.880000000000000000e+02,1.038217885211567375e-03,1.655633553835834437e+00,1.655978437099305811e+00
1.890000000000000000e+02,1.033675827288985756e-03,1.650374302357034528e+00,1.650716972518444736e+00
1.900000000000000000e+02,1.029191684035242558e-03,1.645149862251050310e+00,1.645490155386068354e+00
1.910000000000000000e+02,1.024764382250983093e-03,1.639960135695881283e+00,1.640297890158482153e+00
1.920000000000000000e+02,1.020392873902401572e-03,1.634805020284002763e+00,1.635140076776805396e+00
1.930000000000000000e+02,1.016076135412870242e-03,1.629684409201983541e+00,1.630016610842407454e+00
1.940000000000000000e+02,1.011813166977818370e-03,1.624598191405840497e+00,1.624927383787689417e+00
1.950000000000000000e+02,1.007602991901979626e-03,1.619546251791015967e+00,1.619872283042114613e+00
1.960000000000000000e+02,1.003444655958186243e-03,1.614528471357878026e+00,1.614851192193720752e+00
1.970000000000000000e+02,9.993372267668959412e-04,1.609544727373207751e+00,1.609863991146219142e+00
1.980000000000000000e+02,9.952797931956967967e-04,1.604594893526029020e+00,1.604910556271313737e+00
1.990000000000000000e+02,9.912714647780501969e-04,1.599678840080031916e+00,1.599990760557406189e+00
2.000000000000000000e+02,9.873113711505682264e-04,1.594796434021555909e+00,1.595104473753768515e+00
2.010000000000000000e+02,9.833986615081509019e-04,1.589947539203055538e+00,1.590251562510422545e+00
2.020000000000000000e+02,9.795325040763370669e-04,1.585132016482823980e+00,1.585431890514534148e+00
2.030000000000000000e+02,9.757120856002449898e-04,1.580349723860556388e+00,1.580645318622674766e+00
2.040000000000000000e+02,9.719366108495106895e-04,1.575600516609108714e+00,1.575891704989227371e+00
2.050000000000000000e+02,9.682053021386479537e-04,1.570884247402653866e+00,1.571170905191370037e+00
2.060000000000000000e+02,9.645173988622846939e-04,1.566200766440478676e+00,1.566482772350243469e+00
2.070000000000000000e+02,9.608721570447485011e-04,1.561549921568093247e+00,1.561827157248529829e+00
2.080000000000000000e+02,9.572688489034914981e-04,1.556931558394253345e+00,1.557203908444996454e+00
2.090000000000000000e+02,9.537067624258754915e-04,1.552345520404292190e+00,1.552612872385315868e+00
2.100000000000000000e+02,9.501852009588451428e-04,1.547791649071079689e+00,1.548053893509621304e+00
2.110000000000000000e+02,9.467034828110420337e-04,1.543269783961449981e+00,1.543526814357262023e+00
2.120000000000000000e+02,9.432609408669335354e-04,1.538779762840245757e+00,1.539031475668115823e+00
2.130000000000000000e+02,9.398569222125340754e-04,1.534321421771376759e+00,1.534567716480914390e+00
2.140000000000000000e+02,9.364907877723288154e-04,1.529894595215207875e+00,1.530135374228812406e+00
2.150000000000000000e+02,9.331619119570120280e-04,1.525499116123307131e+00,1.525734284831901100e+00
2.160000000000000000e+02,9.298696823216759909e-04,1.521134816030563996e+00,1.521364282786918487e+00
2.170000000000000000e+02,9.266134992340917427e-04,1.516801525143968599e+00,1.517025201254476041e+00
2.180000000000000000e+02,9.233927755527485256e-04,1.512499072428800106e+00,1.512716872143282210e+00
2.190000000000000000e+02,9.202069363143165715e-04,1.508227285692882669e+00,1.508439126191942092e+00
2.200000000000000000e+02,9.170554184302229326e-04,1.503985991666909827e+00,1.504191793048292869e+00
2.210000000000000000e+02,9.139376703920379721e-04,1.499775016083184420e+00,1.499974701346302952e+00
2.220000000000000000e+02,9.108531519853756619e-04,1.495594183751731476e+00,1.495787678780258645e+00
2.230000000000000000e+02,9.078013340120322976e-04,1.491443318633903781e+00,1.491630552176957725e+00
2.240000000000000000e+02,9.047816980200878122e-04,1.487322243913331787e+00,1.487503147565640171e+00
2.250000000000000000e+02,9.017937360417155497e-04,1.483230782065000808e+00,1.483405290245307206e+00
2.260000000000000000e+02,8.988369503384412672e-04,1.479168754922477014e+00,1.479336804850353460e+00
2.270000000000000000e+02,8.959108531536163090e-04,1.475135983741701073e+00,1.475297515413780181e+00
2.280000000000000000e+02,8.930149664718702246e-04,1.471132289263847204e+00,1.471287245428598123e+00
2.290000000000000000e+02,8.901488217853152553e-04,1.467157491775635814e+00,1.467305817906984444e+00
2.300000000000000000e+02,8.873119598662912704e-04,1.463211411167851583e+00,1.463353055437689232e+00
2.310000000000000000e+02,8.845039305464366978e-04,1.459293866991737243e+00,1.459428780241587287e+00
2.320000000000000000e+02,8.817242925018908351e-04,1.455404678513101624e+00,1.455532814225025895e+00
2.330000000000000000e+02,8.789726130444284807e-04,1.451543664765736485e+00,1.451664979031991543e+00
2.340000000000000000e+02,8.762484679183405118e-04,1.447710644601893915e+00,1.447825096093951602e+00
2.350000000000000000e+02,8.735514411028836830e-04,1.443905436741349080e+00,1.444012986678470112e+00
2.360000000000000000e+02,8.708811246201205369e-04,1.440127859819157363e+00,1.440228471935781851e+00
2.370000000000000000e+02,8.682371183479850596e-04,1.436377732431147747e+00,1.436471372943827651e+00
2.380000000000000000e+02,8.656190298384106941e-04,1.432654873178339283e+00,1.432741510752324032e+00
2.390000000000000000e+02,8.630264741403636088e-04,1.428959100709433994e+00,1.429038706424352601e+00
2.400000000000000000e+02,8.604590736276322531e-04,1.425290233762103620e+00,1.425362781077055940e+00
2.410000000000000000e+02,8.579164578312242296e-04,1.421648091202058373e+00,1.421713555920962158e+00
2.420000000000000000e+02,8.553982632762356089e-04,1.418032492061999328e+00,1.418090852297648530e+00
2.430000000000000000e+02,8.529041333230461030e-04,1.414443255577934933e+00,1.414494491716083546e+00
2.440000000000000000e+02,8.504337180127239781e-04,1.410880201224185893e+00,1.410924295887816093e+00
2.450000000000000000e+02,8.479866739164984612e-04,1.407343148748739114e+00,1.407380086760695814e+00
2.460000000000000000e+02,8.455626639891867732e-04,1.403831918204943463e+00,1.403861686551560073e+00
2.470000000000000000e+02,8.431613574264560946e-04,1.400346329982966598e+00,1.400368917777385702e+00
2.480000000000000000e+02,8.407824295258038011e-04,1.396886204841195189e+00,1.396901603285550797e+00
2.490000000000000000e+02,8.384255615511437571e-04,1.393451363934727461e+00,1.393459566282911677e+00
2.500000000000000000e+02,8.360904406008994602e-04,1.390041628843121879e+00,1.390042630363687026e+00
2.510000000000000000e+02,8.337767594794916063e-04,1.386656821597846534e+00,1.386650619536232476e+00
2.520000000000000000e+02,8.314842165721266160e-04,1.383296764708002557e+00,1.383283358248814876e+00
2.530000000000000000e+02,8.292125157227852933e-04,1.379961281184857391e+00,1.379940671414364939e+00
2.540000000000000000e+02,8.269613661153229264e-04,1.376650194565946395e+00,1.376622384434377455e+00
2.550000000000000000e+02,8.247304821575837967e-04,1.373363328937892813e+00,1.373328323221684633e+00
2.560000000000000000e+02,8.225195833684504059e-04,nan,nan
