k0,sigma,P_mean,Ds_of_mean_P,mean_Ds
5.000000000000000000e-01,0.000000000000000000e+00,1.000000000000000000e+00,nan,nan
5.000000000000000000e-01,1.000000000000000000e+00,2.000000000000018430e-01,3.999999999999953815e+00,3.999999999999956923e+00
5.000000000000000000e-01,2.000000000000000000e+00,2.000000000000018430e-01,8.697265625000177858e-01,8.697265625000175637e-01
5.000000000000000000e-01,3.000000000000000000e+00,1.130273437499992595e-01,2.771446345256674881e+00,2.771484583428222681e+00
5.000000000000000000e-01,4.000000000000000000e+00,9.558359375000005653e-02,1.724854716503025465e+00,1.724868443998242684e+00
5.000000000000000000e-01,5.000000000000000000e+00,7.181039062500008119e-02,2.443155967375023163e+00,2.443194428848749045e+00
5.000000000000000000e-01,6.000000000000000000e+00,6.049479687499998565e-02,2.144399402118011277e+00,2.144428872962895749e+00
5.000000000000000000e-01,7.000000000000000000e+00,5.018955624999999615e-02,2.399861350637064294e+00,2.399906365809451714e+00
5.000000000000000000e-01,8.000000000000000000e+00,4.328794312499999880e-02,2.337112246425314677e+00,2.337162339378433984e+00
5.000000000000000000e-01,9.000000000000000000e+00,3.754345849999999457e-02,2.435926670820696582e+00,2.435988824725508373e+00
5.000000000000000000e-01,1.000000000000000000e+01,3.312648625000000346e-02,2.438815399565656517e+00,2.438886279695624548e+00
5.000000000000000000e-01,1.100000000000000000e+01,2.946452001999999570e-02,2.485541676677212486e+00,2.485621461374878827e+00
5.000000000000000000e-01,1.200000000000000000e+01,2.646873238699999631e-02,2.503054632043490990e+00,2.503141678122202674e+00
5.000000000000000000e-01,1.300000000000000000e+01,2.394346308620000363e-02,2.531068370154388347e+00,2.531161278831997485e+00
5.000000000000000000e-01,1.400000000000000000e+01,2.180699838011999556e-02,2.549512777832479760e+00,2.549610405532598101e+00
5.000000000000000000e-01,1.500000000000000000e+01,1.997223301360799563e-02,2.569589351736934368e+00,2.569690404407253492e+00
5.000000000000000000e-01,1.600000000000000000e+01,1.838563589464159778e-02,2.585989331534034985e+00,2.586092982102043081e+00
5.000000000000000000e-01,1.700000000000000000e+01,1.700066687129472148e-02,2.601923203090125369e+00,2.602028573041196946e+00
5.000000000000000000e-01,1.800000000000000000e+01,1.578361062402822493e-02,2.616083940973826572e+00,2.616190476430536371e+00
5.000000000000000000e-01,1.900000000000000000e+01,1.470670852217782591e-02,2.629446645761098988e+00,2.629553823708052018e+00
5.000000000000000000e-01,2.000000000000000000e+01,1.374832086645840119e-02,2.641750493393429267e+00,2.641857981848773740e+00
5.000000000000000000e-01,2.100000000000000000e+01,1.289072685056294292e-02,2.653332027768394052e+00,2.653439549891612792e+00
5.000000000000000000e-01,2.200000000000000000e+01,1.211958856103875076e-02,2.664184357929925806e+00,2.664291746417750240e+00
5.000000000000000000e-01,2.300000000000000000e+01,1.142305329288722041e-02,2.674449755101099946e+00,2.674556893249767420e+00
5.000000000000000000e-01,2.400000000000000000e+01,1.079131107922705335e-02,2.684170452155206998e+00,2.684277287159486214e+00
5.000000000000000000e-01,2.500000000000000000e+01,1.021614836210070487e-02,2.693421332190962580e+00,2.693527849102407501e+00
5.000000000000000000e-01,2.600000000000000000e+01,9.690655401974661298e-03,2.702244891254268033e+00,2.702351112940351907e+00
5.000000000000000000e-01,2.700000000000000000e+01,9.208974360066412429e-03,2.710687478703367681e+00,2.710793453306553857e+00
5.000000000000000000e-01,2.800000000000000000e+01,8.766112754214202760e-03,2.718782865439376639e+00,2.718888663045301968e+00
5.000000000000000000e-01,2.900000000000000000e+01,8.357790176042585381e-03,2.726562527882210762e+00,2.726668233666313057e+00
5.000000000000000000e-01,3.000000000000000000e+01,7.980318357321106865e-03,2.734051851054870586e+00,2.734157561788948421e+00
5.000000000000000000e-01,3.100000000000000000e+01,7.630503370147887453e-03,2.741273312329425504e+00,2.741379132151062770e+00
5.000000000000000000e-01,3.200000000000000000e+01,7.305566897700908717e-03,2.748245855638919988e+00,2.748351893169992621e+00
5.000000000000000000e-01,3.300000000000000000e+01,7.003081684219781070e-03,2.754986049156095795e+00,2.755092414666153733e+00
5.000000000000000000e-01,3.400000000000000000e+01,6.720918644939512590e-03,2.761508180100958665e+00,2.761614983314009564e+00
5.000000000000000000e-01,3.500000000000000000e+01,6.457203101402324806e-03,2.767824777778791656e+00,2.767932125902582641e+00
5.000000000000000000e-01,3.600000000000000000e+01,6.210278452390615052e-03,2.773946818356036736e+00,2.774054814488653875e+00
5.000000000000000000e-01,3.700000000000000000e+01,5.978675819343602649e-03,2.779884012979152441e+00,2.779992754748738637e+00
5.000000000000000000e-01,3.800000000000000000e+01,5.761088578634444325e-03,2.785644986432629810e+00,2.785754564898303531e+00
5.000000000000000000e-01,3.900000000000000000e+01,5.556350884726041391e-03,2.791237457190709481e+00,2.791347955947680148e+00
5.000000000000000000e-01,4.000000000000000000e+01,5.363419483384647760e-03,2.796668371171252776e+00,2.796779865654509312e+00
5.000000000000000000e-01,4.100000000000000000e+01,5.181358243963403790e-03,2.801944021563720355e+00,2.802056578521409769e+00
5.000000000000000000e-01,4.200000000000000000e+01,5.009324952768717115e-03,2.807070144444784976e+00,2.807183821568159043e+00
5.000000000000000000e-01,4.300000000000000000e+01,4.846559993517228840e-03,2.812052000795131956e+00,2.812166846486114036e+00
5.000000000000000000e-01,4.400000000000000000e+01,4.692376610286303970e-03,2.816894443827466787e+00,2.817010497090114640e+00
5.000000000000000000e-01,4.500000000000000000e+01,4.546152502565832185e-03,2.821601975831980802e+00,2.821719266273112758e+00
5.000000000000000000e-01,4.600000000000000000e+01,4.407322546204676082e-03,2.826178795389662657e+00,2.826297343316159338e+00
5.000000000000000000e-01,4.700000000000000000e+01,4.275372469423953208e-03,2.830628837030689571e+00,2.830748653631212530e+00
5.000000000000000000e-01,4.800000000000000000e+01,4.149833341928111166e-03,2.834955804357329967e+00,2.835076891957356793e+00
5.000000000000000000e-01,4.900000000000000000e+01,4.030276758594480806e-03,2.839163197847974551e+00,2.839285550227965693e+00
5.000000000000000000e-01,5.000000000000000000e+01,3.916310618455795360e-03,2.843254338167086726e+00,2.843377940934105563e+00
5.000000000000000000e-01,5.100000000000000000e+01,3.807575415483795481e-03,2.847232385766572005e+00,2.847357216770737942e+00
5.000000000000000000e-01,5.200000000000000000e+01,3.703740970726107640e-03,2.851100357382561956e+00,2.851226387170369581e+00
5.000000000000000000e-01,5.300000000000000000e+01,3.604503546151302355e-03,2.854861139958430272e+00,2.854988332255401939e+00
5.000000000000000000e-01,5.400000000000000000e+01,3.509583289542150819e-03,2.858517502422555534e+00,2.858645814638778759e+00
5.000000000000000000e-01,5.500000000000000000e+01,3.418721967274154869e-03,2.862072105684487777e+00,2.862201489437064872e+00
5.000000000000000000e-01,5.600000000000000000e+01,3.331680948094402524e-03,2.865527511150447459e+00,2.865657912797184181e+00
5.000000000000000000e-01,5.700000000000000000e+01,3.248239406289506366e-03,2.868886188008957561e+00,2.869017549188572325e+00
5.000000000000000000e-01,5.800000000000000000e+01,3.168192717075974784e-03,2.872150519495029197e+00,2.872282777669462384e+00
5.000000000000000000e-01,5.900000000000000000e+01,3.091351020803124842e-03,2.875322808306937539e+00,2.875455897301865793e+00
5.000000000000000000e-01,6.000000000000000000e+01,3.017537935743802580e-03,2.878405281319288189e+00,2.878539131859458422e+00
5.000000000000000000e-01,6.100000000000000000e+01,2.946589401956020444e-03,2.881400093712369603e+00,2.881534633948472646e+00
5.000000000000000000e-01,6.200000000000000000e+01,2.878352641007278761e-03,2.884309332616049826e+00,2.884444488640822257e+00
5.000000000000000000e-01,6.300000000000000000e+01,2.812685218326708373e-03,2.887135020350938941e+00,2.887270716701896944e+00
5.000000000000000000e-01,6.400000000000000000e+01,2.749454196641334860e-03,2.889879117334409830e+00,2.890015277481241540e+00
5.000000000000000000e-01,6.500000000000000000e+01,2.688535370405751353e-03,2.892543524706481239e+00,2.892680071521703589e+00
5.000000000000000000e-01,6.600000000000000000e+01,2.629812572385773362e-03,2.895130086722951024e+00,2.895266942933969023e+00
5.000000000000000000e-01,6.700000000000000000e+01,2.573177044636716041e-03,2.897640592952481775e+00,2.897777681574089215e+00
5.000000000000000000e-01,6.800000000000000000e+01,2.518526867051551748e-03,2.900076780308908031e+00,2.900214025055371181e+00
5.000000000000000000e-01,6.900000000000000000e+01,2.465766437464358019e-03,2.902440334944860645e+00,2.902577660620561772e+00
5.000000000000000000e-01,7.000000000000000000e+01,2.414805997998655408e-03,2.904732894026157197e+00,2.904870226894587848e+00
5.000000000000000000e-01,7.100000000000000000e+01,2.365561202963238630e-03,2.906956047405213184e+00,2.907093315535688838e+00
5.000000000000000000e-01,7.200000000000000000e+01,2.317952724133005588e-03,2.909111339206723823e+00,2.909248472798481089e+00
5.000000000000000000e-01,7.300000000000000000e+01,2.271905889719899162e-03,2.911200269336809754e+00,2.911337201020776977e+00
5.000000000000000000e-01,7.400000000000000000e+01,2.227350353748615806e-03,2.913224294924518620e+00,2.913360960042517878e+00
5.000000000000000000e-01,7.500000000000000000e+01,2.184219792911126345e-03,2.915184831703764079e+00,2.915321168565212950e+00
5.000000000000000000e-01,7.600000000000000000e+01,2.142451628289927107e-03,2.917083255341272885e+00,2.917219205457967757e+00
5.000000000000000000e-01,7.700000000000000000e+01,2.101986769618189622e-03,2.918920902715082644e+00,2.919056411014110619e+00
5.000000000000000000e-01,7.800000000000000000e+01,2.062769379990328587e-03,2.920699073148118607e+00,2.920834088163455355e+00
5.000000000000000000e-01,7.900000000000000000e+01,2.024746659153368183e-03,2.922419029600021645e+00,2.922553503643260608e+00
5.000000000000000000e-01,8.000000000000000000e+01,1.987868643701355513e-03,2.924081999819326594e+00,2.924215889130043600e+00
5.000000000000000000e-01,8.100000000000000000e+01,1.952088022665213283e-03,2.925689177458574264e+00,2.925822442335106466e+00
5.000000000000000000e-01,8.200000000000000000e+01,1.917359967141378692e-03,2.927241723154041964e+00,2.927374328065166065e+00
5.000000000000000000e-01,8.300000000000000000e+01,1.883641972736902230e-03,2.928740765571795635e+00,2.928872679250006605e+00
5.000000000000000000e-01,8.400000000000000000e+01,1.850893713728166134e-03,2.930187402421032150e+00,2.930318597938188940e+00
5.000000000000000000e-01,8.500000000000000000e+01,1.819076907937062322e-03,2.931582701435501370e+00,2.931713156261694486e+00
5.000000000000000000e-01,8.600000000000000000e+01,1.788155191423588825e-03,2.932927701325644065e+00,2.933057397371694464e+00
5.000000000000000000e-01,8.700000000000000000e+01,1.758094002178975076e-03,2.934223412699545008e+00,2.934352336344337342e+00
5.000000000000000000e-01,8.800000000000000000e+01,1.728860472079678549e-03,2.935470818955995931e+00,2.935598961059199485e+00
5.000000000000000000e-01,8.900000000000000000e+01,1.700423326430834355e-03,2.936670877149770931e+00,2.936798233050594842e+00
5.000000000000000000e-01,9.000000000000000000e+01,1.672752790489166535e-03,2.937824518828366482e+00,2.937951088331599347e+00
5.000000000000000000e-01,9.100000000000000000e+01,1.645820502410416100e-03,2.938932650843184113e+00,2.939058438192819533e+00
5.000000000000000000e-01,9.200000000000000000e+01,1.619599432115967569e-03,2.939996156134073502e+00,2.940121169975448812e+00
5.000000000000000000e-01,9.300000000000000000e+01,1.594063805618047914e-03,2.941015894488838267e+00,2.941140147820195061e+00
5.000000000000000000e-01,9.400000000000000000e+01,1.569189034383149887e-03,2.941992703277752419e+00,2.942116213391964941e+00
5.000000000000000000e-01,9.500000000000000000e+01,1.544951649349763983e-03,2.942927398163893482e+00,2.943050186580848937e+00
5.000000000000000000e-01,9.600000000000000000e+01,1.521329239249361292e-03,2.943820773790621903e+00,2.943942866181168849e+00
5.000000000000000000e-01,9.700000000000000000e+01,1.498300392909374893e-03,2.944673604445813719e+00,2.944795030547999293e+00
5.000000000000000000e-01,9.800000000000000000e+01,1.475844645243886777e-03,2.945486644703328327e+00,2.945607438231657937e+00
5.000000000000000000e-01,9.900000000000000000e+01,1.453942426662203566e-03,2.946260630044132967e+00,2.946380828592287671e+00
5.000000000000000000e-01,1.000000000000000000e+02,1.432575015647667791e-03,2.946996277455930180e+00,2.947115922393745535e+00
5.000000000000000000e-01,1.010000000000000000e+02,1.411724494279303086e-03,2.947694286011920184e+00,2.947813422377291825e+00
5.000000000000000000e-01,1.020000000000000000e+02,1.391373706487171067e-03,2.948355337430812906e+00,2.948474013816856143e+00
5.000000000000000000e-01,1.030000000000000000e+02,1.371506218849084021e-03,2.948980096616943491e+00,2.949098365055574877e+00
5.000000000000000000e-01,1.040000000000000000e+02,1.352106283751517563e-03,2.949569212182518108e+00,2.949687128024172544e+00
5.000000000000000000e-01,1.050000000000000000e+02,1.333158804751468675e-03,2.950123316951616559e+00,2.950240938742081376e+00
5.000000000000000000e-01,1.060000000000000000e+02,1.314649303988692274e-03,2.950643028446659599e+00,2.950760417801884028e+00
5.000000000000000000e-01,1.070000000000000000e+02,1.296563891509331995e-03,2.951128949358767350e+00,2.951246170837332983e+00
5.000000000000000000e-01,1.080000000000000000e+02,1.278889236372557229e-03,2.951581668001787673e+00,2.951698788975889887e+00
5.000000000000000000e-01,1.090000000000000000e+02,1.261612539421535280e-03,2.952001758749778215e+00,2.952118849275235490e+00
5.000000000000000000e-01,1.100000000000000000e+02,1.244721507608950381e-03,2.952389782460558276e+00,2.952506915146074995e+00
5.000000000000000000e-01,1.110000000000000000e+02,1.228204329775411940e-03,2.952746286884542215e+00,2.952863536760674812e+00
5.000000000000000000e-01,1.120000000000000000e+02,1.212049653786609251e-03,2.953071807058644804e+00,2.953189251446600938e+00
5.000000000000000000e-01,1.130000000000000000e+02,1.196246564941908126e-03,2.953366865687244047e+00,2.953484584068291063e+00
5.000000000000000000e-01,1.140000000000000000e+02,1.180784565573409113e-03,2.953631973510545627e+00,2.953750047395886646e+00
5.000000000000000000e-01,1.150000000000000000e+02,1.165653555760281981e-03,2.953867629659597149e+00,2.953986142461132669e+00
5.000000000000000000e-01,1.160000000000000000e+02,1.150843815088557764e-03,2.954074321998916730e+00,2.954193358901323840e+00
5.000000000000000000e-01,1.170000000000000000e+02,1.136345985391451138e-03,2.954252527458316013e+00,2.954372175292395930e+00
5.000000000000000000e-01,1.180000000000000000e+02,1.122151054409841484e-03,2.954402712353146665e+00,2.954523059470897550e+00
5.000000000000000000e-01,1.190000000000000000e+02,1.108250340316719110e-03,2.954525332693096473e+00,2.954646468844591478e+00
5.000000000000000000e-01,1.200000000000000000e+02,1.094635477053274323e-03,2.954620834481226588e+00,2.954742850693412137e+00
5.000000000000000000e-01,1.210000000000000000e+02,1.081298400427853270e-03,2.954689654002585097e+00,2.954812642460372007e+00
5.000000000000000000e-01,1.220000000000000000e+02,1.068231334932334469e-03,2.954732218102850361e+00,2.954856272032642117e+00
5.000000000000000000e-01,1.230000000000000000e+02,1.055426781233496014e-03,2.954748944458376325e+00,2.954874158013690355e+00
5.000000000000000000e-01,1.240000000000000000e+02,1.042877504299791593e-03,2.954740241836706360e+00,2.954866709986579298e+00
5.000000000000000000e-01,1.250000000000000000e+02,1.030576522126553859e-03,2.954706510348264814e+00,2.954834328768444429e+00
5.000000000000000000e-01,1.260000000000000000e+02,1.018517095025076383e-03,2.954648141689722340e+00,2.954777406656356131e+00
5.000000000000000000e-01,1.270000000000000000e+02,1.006692715443259761e-03,2.954565519379855232e+00,2.954696327666261446e+00
5.000000000000000000e-01,1.280000000000000000e+02,9.950970982875997559e-04,2.954459018987277918e+00,2.954591467763359347e+00
5.000000000000000000e-01,1.290000000000000000e+02,9.837241717182295363e-04,2.954329008350172980e+00,2.954463195084995331e+00
5.000000000000000000e-01,1.300000000000000000e+02,9.725680683905267923e-04,2.954175847789886067e+00,2.954311870157182440e+00
5.000000000000000000e-01,1.310000000000000000e+02,9.616231171184529483e-04,2.953999890316663102e+00,2.954137846103220166e+00
5.000000000000000000e-01,1.320000000000000000e+02,9.508838349363750529e-04,2.953801481829210207e+00,2.953941468846478013e+00
5.000000000000000000e-01,1.330000000000000000e+02,9.403449195375248671e-04,2.953580961307713526e+00,2.953723077306386280e+00
5.000000000000000000e-01,1.340000000000000000e+02,9.300012420686422192e-04,2.953338661000089793e+00,2.953483003587793476e+00
5.000000000000000000e-01,1.350000000000000000e+02,9.198478402615590122e-04,2.953074906603595284e+00,2.953221573165413005e+00
5.000000000000000000e-01,1.360000000000000000e+02,9.098799118836798337e-04,2.952790017438989167e+00,2.952939105061407332e+00
5.000000000000000000e-01,1.370000000000000000e+02,9.000928084903943305e-04,2.952484306620266175e+00,2.952635912017801623e+00
5.000000000000000000e-01,1.380000000000000000e+02,8.904820294634634105e-04,2.952158081218829722e+00,2.952312300663804567e+00
5.000000000000000000e-01,1.390000000000000000e+02,8.810432163203892010e-04,2.951811642422219162e+00,2.951968571677457298e+00
5.000000000000000000e-01,1.400000000000000000e+02,8.717721472806458372e-04,2.951445285687700704e+00,2.951605019942248553e+00
5.000000000000000000e-01,1.410000000000000000e+02,8.626647320754941579e-04,2.951059300891384574e+00,2.951221934699170379e+00
5.000000000000000000e-01,1.420000000000000000e+02,8.537170069888560392e-04,2.950653972473214814e+00,2.950819599694279205e+00
5.000000000000000000e-01,1.430000000000000000e+02,8.449251301174687256e-04,2.950229579575843530e+00,2.950398293320689813e+00
5.000000000000000000e-01,1.440000000000000000e+02,8.362853768392090143e-04,2.949786396180857473e+00,2.949958288757361213e+00
5.000000000000000000e-01,1.450000000000000000e+02,8.277941354790987203e-04,2.949324691239918916e+00,2.949499854103144969e+00
5.000000000000000000e-01,1.460000000000000000e+02,8.194479031631255080e-04,2.948844728801781390e+00,2.949023252506367765e+00
5.000000000000000000e-01,1.470000000000000000e+02,8.112432818505353272e-04,2.948346768136159035e+00,2.948528742291195659e+00
5.000000000000000000e-01,1.480000000000000000e+02,8.031769745358044400e-04,2.947831063853003197e+00,2.948016577079517475e+00
5.000000000000000000e-01,1.490000000000000000e+02,7.952457816119669690e-04,2.947297866018509627e+00,2.947487005909491753e+00
5.000000000000000000e-01,1.500000000000000000e+02,7.874465973874475834e-04,2.946747420267621820e+00,2.946940273350465045e+00
5.000000000000000000e-01,1.510000000000000000e+02,7.797764067489671184e-04,2.946179967913055364e+00,2.946376619614188730e+00
5.000000000000000000e-01,1.520000000000000000e+02,7.722322819635069882e-04,2.945595746050694963e+00,2.945796280662762889e+00
5.000000000000000000e-01,1.530000000000000000e+02,7.648113796126860186e-04,2.944994987662810981e+00,2.945199488313841485e+00
5.000000000000000000e-01,1.540000000000000000e+02,7.575109376532662047e-04,2.944377921716998081e+00,2.944586470341730156e+00
5.000000000000000000e-01,1.550000000000000000e+02,7.503282725978456394e-04,2.943744773262487957e+00,2.943957450576162316e+00
5.000000000000000000e-01,1.560000000000000000e+02,7.432607768100985956e-04,2.943095763524369968e+00,2.943312648998025693e+00
5.000000000000000000e-01,1.570000000000000000e+02,7.363059159092326042e-04,2.942431109994077865e+00,2.942652281832131234e+00
5.000000000000000000e-01,1.580000000000000000e+02,7.294612262786080888e-04,2.941751026517304801e+00,2.941976561636947096e+00
5.000000000000000000e-01,1.590000000000000000e+02,7.227243126737283811e-04,2.941055723380057607e+00,2.941285697392336917e+00
5.000000000000000000e-01,1.600000000000000000e+02,7.160928459250547095e-04,2.940345407391072641e+00,2.940579894584151255e+00
5.000000000000000000e-01,1.610000000000000000e+02,7.095645607313450214e-04,2.939620281962434412e+00,2.939859355286146059e+00
5.000000000000000000e-01,1.620000000000000000e+02,7.031372535394172715e-04,2.938880547188293502e+00,2.939124278240394794e+00
5.000000000000000000e-01,1.630000000000000000e+02,6.968087805064660314e-04,2.938126399920403919e+00,2.938374858934496014e+00
5.000000000000000000e-01,1.640000000000000000e+02,6.905770555412430985e-04,2.937358033841622973e+00,2.937611289676635540e+00
5.000000000000000000e-01,1.650000000000000000e+02,6.844400484206077193e-04,2.936575639537512217e+00,2.936833759668654675e+00
5.000000000000000000e-01,1.660000000000000000e+02,6.783957829781168437e-04,2.935779404566084327e+00,2.936042455076960600e+00
5.000000000000000000e-01,1.670000000000000000e+02,6.724423353615014646e-04,2.934969513525222951e+00,2.935237559101409044e+00
5.000000000000000000e-01,1.680000000000000000e+02,6.665778323560227680e-04,2.934146148118062847e+00,2.934419252041950532e+00
5.000000000000000000e-01,1.690000000000000000e+02,6.608004497708567506e-04,2.933309487216109623e+00,2.933587711363212946e+00
5.000000000000000000e-01,1.700000000000000000e+02,6.551084108857888836e-04,2.932459706921774156e+00,2.932743111757875276e+00
5.000000000000000000e-01,1.710000000000000000e+02,6.494999849556324593e-04,2.931596980628618621e+00,2.931885625208017210e+00
5.000000000000000000e-01,1.720000000000000000e+02,6.439734857699159869e-04,2.930721479078556069e+00,2.931015421043666080e+00
5.000000000000000000e-01,1.730000000000000000e+02,6.385272702654988444e-04,2.929833370419299587e+00,2.930132666000976993e+00
5.000000000000000000e-01,1.740000000000000000e+02,6.331597371898778272e-04,2.928932820259605663e+00,2.929237524278561544e+00
5.000000000000000000e-01,1.750000000000000000e+02,6.278693258130713757e-04,2.928019991722167426e+00,2.928330157591260363e+00
5.000000000000000000e-01,1.760000000000000000e+02,6.226545146860504440e-04,2.927095045495806680e+00,2.927410725223241972e+00
5.000000000000000000e-01,1.770000000000000000e+02,6.175138204437922041e-04,2.926158139886049003e+00,2.926479384079392787e+00
5.000000000000000000e-01,1.780000000000000000e+02,6.124457966511140904e-04,2.925209430864434967e+00,2.925536288735368196e+00
5.000000000000000000e-01,1.790000000000000000e+02,6.074490326895387159e-04,2.924249072116022585e+00,2.924581591485685195e+00
5.000000000000000000e-01,1.800000000000000000e+02,6.025221526835154370e-04,2.923277215085731129e+00,2.923615442390988584e+00
5.000000000000000000e-01,1.810000000000000000e+02,5.976638144644046786e-04,2.922294009023627126e+00,2.922637989323924490e+00
5.000000000000000000e-01,1.820000000000000000e+02,5.928727085707003082e-04,2.921299601028985116e+00,2.921649378013724707e+00
5.000000000000000000e-01,1.830000000000000000e+02,5.881475572830389617e-04,2.920294136092342896e+00,2.920649752088876117e+00
5.000000000000000000e-01,1.840000000000000000e+02,5.834871136926090846e-04,2.919277757137759277e+00,2.919639253119904687e+00
5.000000000000000000e-01,1.850000000000000000e+02,5.788901608016294806e-04,2.918250605062834957e+00,2.918618020659917267e+00
5.000000000000000000e-01,1.860000000000000000e+02,5.743555106546400189e-04,2.917212818777676464e+00,2.917586192284131741e+00
5.000000000000000000e-01,1.870000000000000000e+02,5.698820034993858563e-04,2.916164535243598976e+00,2.916543903628814327e+00
5.000000000000000000e-01,1.880000000000000000e+02,5.654685069761454866e-04,2.915105889510286818e+00,2.915491288428837091e+00
5.000000000000000000e-01,1.890000000000000000e+02,5.611139153343925028e-04,2.914037014751732713e+00,2.914428478554240698e+00
5.000000000000000000e-01,1.900000000000000000e+02,5.568171486757397207e-04,2.912958042301428740e+00,2.913355604045420044e+00
5.000000000000000000e-01,1.910000000000000000e+02,5.525771522221485741e-04,2.911869101686623384e+00,2.912272793148075412e+00
5.000000000000000000e-01,1.920000000000000000e+02,5.483928956084430702e-04,2.910770320662049215e+00,2.911180172347087591e+00
5.000000000000000000e-01,1.930000000000000000e+02,5.442633721981955663e-04,2.909661825242221500e+00,2.910077866398808499e+00
5.000000000000000000e-01,1.940000000000000000e+02,5.401875984221078978e-04,2.908543739732849076e+00,2.908965998362973870e+00
5.000000000000000000e-01,1.950000000000000000e+02,5.361646131380309052e-04,2.907416186761868637e+00,2.907844689634074165e+00
5.000000000000000000e-01,1.960000000000000000e+02,5.321934770118185321e-04,2.906279287309388781e+00,2.906714059971210684e+00
5.000000000000000000e-01,1.970000000000000000e+02,5.282732719182318569e-04,2.905133160736832032e+00,2.905574227527680797e+00
5.000000000000000000e-01,1.980000000000000000e+02,5.244031003611555842e-04,2.903977924815667855e+00,2.904425308879527101e+00
5.000000000000000000e-01,1.990000000000000000e+02,5.205820849124051346e-04,2.902813695755078971e+00,2.903267419053508824e+00
5.000000000000000000e-01,2.000000000000000000e+02,5.168093676684497404e-04,2.901640588228726614e+00,2.902100671554161071e+00
5.000000000000000000e-01,2.010000000000000000e+02,5.130841097243871510e-04,2.900458715401398546e+00,2.900925178390412196e+00
5.000000000000000000e-01,2.020000000000000000e+02,5.094054906645489140e-04,2.899268188954662762e+00,2.899741050101110940e+00
5.000000000000000000e-01,2.030000000000000000e+02,5.057727080691269131e-04,2.898069119112050895e+00,2.898548395780348397e+00
5.000000000000000000e-01,2.040000000000000000e+02,5.021849770362493519e-04,2.896861614663049256e+00,2.897347323101949979e+00
5.000000000000000000e-01,2.050000000000000000e+02,4.986415297189467381e-04,2.895645782987316785e+00,2.896137938343253282e+00
5.000000000000000000e-01,2.060000000000000000e+02,4.951416148764785580e-04,2.894421730078097887e+00,2.894920346408479173e+00
5.000000000000000000e-01,2.070000000000000000e+02,4.916844974395077070e-04,2.893189560564419782e+00,2.893694650851247108e+00
5.000000000000000000e-01,2.080000000000000000e+02,4.882694580886363022e-04,2.891949377733388005e+00,2.892460953896993203e+00
5.000000000000000000e-01,2.090000000000000000e+02,4.848957928458266960e-04,2.890701283552368217e+00,2.891219356464414858e+00
5.000000000000000000e-01,2.100000000000000000e+02,4.815628126782603479e-04,2.889445378689040833e+00,2.889969958186337173e+00
5.000000000000000000e-01,2.110000000000000000e+02,4.782698431141995743e-04,2.888181762532746166e+00,2.888712857430677960e+00
5.000000000000000000e-01,2.120000000000000000e+02,4.750162238704317753e-04,2.886910533214656738e+00,2.887448151320374023e+00
5.000000000000000000e-01,2.130000000000000000e+02,4.718013084909005134e-04,2.885631787626735001e+00,2.886175935752662181e+00
5.000000000000000000e-01,2.140000000000000000e+02,4.686244639961349213e-04,2.884345621441698260e+00,2.884896305418625850e+00
5.000000000000000000e-01,2.150000000000000000e+02,4.654850705431074539e-04,2.883052129131111752e+00,2.883609353821662058e+00
5.000000000000000000e-01,2.160000000000000000e+02,4.623825210951672390e-04,2.881751403984240234e+00,2.882315173295908917e+00
5.000000000000000000e-01,2.170000000000000000e+02,4.593162211017011074e-04,2.880443538126159719e+00,2.881013855024172621e+00
5.000000000000000000e-01,2.180000000000000000e+02,4.562855881871998595e-04,2.879128622533937865e+00,2.879705489054511069e+00
5.000000000000000000e-01,2.190000000000000000e+02,4.532900518494098214e-04,2.877806747055185799e+00,2.878390164318190614e+00
5.000000000000000000e-01,2.200000000000000000e+02,4.503290531662627514e-04,2.876478000424576909e+00,2.877067968646451313e+00
5.000000000000000000e-01,2.210000000000000000e+02,4.474020445112971648e-04,2.875142470279551166e+00,2.875738988786047834e+00
5.000000000000000000e-01,2.220000000000000000e+02,4.445084892772838700e-04,2.873800243176878322e+00,2.874403310415394763e+00
5.000000000000000000e-01,2.230000000000000000e+02,4.416478616077870517e-04,2.872451404608110881e+00,2.873061018160371294e+00
5.000000000000000000e-01,2.240000000000000000e+02,4.388196461363984150e-04,2.871096039015361701e+00,2.871712195609694707e+00
5.000000000000000000e-01,2.250000000000000000e+02,4.360233377333926942e-04,2.869734229805808834e+00,2.870356925329376363e+00
5.000000000000000000e-01,2.260000000000000000e+02,4.332584412595642115e-04,2.868366059366623144e+00,2.868995288877607130e+00
5.000000000000000000e-01,2.270000000000000000e+02,4.305244713270076420e-04,2.866991609079801329e+00,2.867627366819176959e+00
5.000000000000000000e-01,2.280000000000000000e+02,4.278209520666212667e-04,2.865610959335187502e+00,2.866253238738933007e+00
5.000000000000000000e-01,2.290000000000000000e+02,4.251474169021158709e-04,2.864224189545498955e+00,2.864872983256310679e+00
5.000000000000000000e-01,2.300000000000000000e+02,4.225034083303163537e-04,2.862831378159543583e+00,2.863486678038095423e+00
5.000000000000000000e-01,2.310000000000000000e+02,4.198884777075620272e-04,2.861432602675173964e+00,2.862094399811788037e+00
5.000000000000000000e-01,2.320000000000000000e+02,4.173021850420043804e-04,2.860027939652779683e+00,2.860696224378975749e+00
5.000000000000000000e-01,2.330000000000000000e+02,4.147440987916211361e-04,2.858617464727498447e+00,2.859292226627078382e+00
5.000000000000000000e-01,2.340000000000000000e+02,4.122137956677623407e-04,2.857201252622377119e+00,2.857882480542515147e+00
5.000000000000000000e-01,2.350000000000000000e+02,4.097108604440563703e-04,2.855779377160492682e+00,2.856467059222708826e+00
5.000000000000000000e-01,2.360000000000000000e+02,4.072348857705078017e-04,2.854351911276637122e+00,2.855046034887641415e+00
5.000000000000000000e-01,2.370000000000000000e+02,4.047854719926259810e-04,2.852918927029953977e+00,2.853619478892246430e+00
5.000000000000000000e-01,2.380000000000000000e+02,4.023622269754254552e-04,2.851480495614543198e+00,2.852187461737189178e+00
5.000000000000000000e-01,2.390000000000000000e+02,3.999647659321534706e-04,2.850036687371809929e+00,2.850750053080752799e+00
5.000000000000000000e-01,2.400000000000000000e+02,3.975927112575898233e-04,2.848587571801574292e+00,2.849307321749870336e+00
5.000000000000000000e-01,2.410000000000000000e+02,3.952456923657898780e-04,2.847133217572126895e+00,2.847859335750224208e+00
5.000000000000000000e-01,2.420000000000000000e+02,3.929233455321253649e-04,2.845673692532354249e+00,2.846406162278049212e+00
5.000000000000000000e-01,2.430000000000000000e+02,3.906253137394982700e-04,2.844209063721381714e+00,2.844947867729892277e+00
5.000000000000000000e-01,2.440000000000000000e+02,3.883512465285990714e-04,2.842739397379987487e+00,2.843484517713485094e+00
5.000000000000000000e-01,2.450000000000000000e+02,3.861007998520864801e-04,2.841264758959794356e+00,2.842016177057196558e+00
5.000000000000000000e-01,2.460000000000000000e+02,3.838736359325748988e-04,2.839785213133845243e+00,2.840542909820356510e+00
5.000000000000000000e-01,2.470000000000000000e+02,3.816694231243090356e-04,2.838300823807204942e+00,2.839064779303669628e+00
5.000000000000000000e-01,2.480000000000000000e+02,3.794878357784220771e-04,2.836811654125712678e+00,2.837581848057861844e+00
5.000000000000000000e-01,2.490000000000000000e+02,3.773285541116672115e-04,2.835317766486138424e+00,2.836094177893645263e+00
5.000000000000000000e-01,2.500000000000000000e+02,3.751912640785211284e-04,2.833819222545375105e+00,2.834601829891228775e+00
5.000000000000000000e-01,2.510000000000000000e+02,3.730756572465599667e-04,2.832316083230093984e+00,2.833104864409125234e+00
5.000000000000000000e-01,2.520000000000000000e+02,3.709814306750108901e-04,2.830808408745564275e+00,2.831603341093331228e+00
5.000000000000000000e-01,2.530000000000000000e+02,3.689082867963882186e-04,2.829296258584852009e+00,2.830097318886494850e+00
5.000000000000000000e-01,2.540000000000000000e+02,3.668559333011216857e-04,2.827779691537743112e+00,2.828586856036184649e+00
5.000000000000000000e-01,2.550000000000000000e+02,3.648240830250927980e-04,2.826258765699662945e+00,2.827072010104250577e+00
5.000000000000000000e-01,2.560000000000000000e+02,3.628124538399922342e-04,nan,nan
1.000000000000000000e+00,0.000000000000000000e+00,1.000000000000000000e+00,nan,nan
1.000000000000000000e+00,1.000000000000000000e+00,2.000000000000018430e-01,3.999999999999953815e+00,3.999999999999956923e+00
1.000000000000000000e+00,2.000000000000000000e+00,2.000000000000018430e-01,8.718554687500180700e-01,8.718554687500176259e-01
1.000000000000000000e+00,3.000000000000000000e+00,1.128144531249992283e-01,2.777964370423015250e+00,2.778031256197543986e+00
1.000000000000000000e+00,4.000000000000000000e+00,9.553515625000008615e-02,1.718984339861761912e+00,1.719019871193951277e+00
1.000000000000000000e+00,5.000000000000000000e+00,7.175859375000005758e-02,2.439830812947059613e+00,2.439927609956983989e+00
1.000000000000000000e+00,6.000000000000000000e+00,6.051939062500000244e-02,2.132862478735514156e+00,2.132944716516376182e+00
1.000000000000000000e+00,7.000000000000000000e+00,5.024533750000000076e-02,2.387055104864207244e+00,2.387168515962470927e+00
1.000000000000000000e+00,8.000000000000000000e+00,4.338533500000000404e-02,2.319221967515059379e+00,2.319336067502261844e+00
1.000000000000000000e+00,9.000000000000000000e+00,3.766780975000000309e-02,2.415465246157565637e+00,2.415594717396323254e+00
1.000000000000000000e+00,1.000000000000000000e+01,3.327585884999999244e-02,2.414797493649064819e+00,2.414933594066001277e+00
1.000000000000000000e+00,1.100000000000000000e+01,2.963236369500000036e-02,2.458919496870734189e+00,2.459065808296695188e+00
1.000000000000000000e+00,1.200000000000000000e+01,2.665189550199999202e-02,2.473720010340449083e+00,2.473874434957791024e+00
1.000000000000000000e+00,1.300000000000000000e+01,2.413825309360000115e-02,2.499477126132068072e+00,2.499640081745032383e+00
1.000000000000000000e+00,1.400000000000000000e+01,2.201089461952000434e-02,2.515793617816686645e+00,2.515964390551896912e+00
1.000000000000000000e+00,1.500000000000000000e+01,2.018290536458399592e-02,2.534030357674931011e+00,2.534208479131650815e+00
1.000000000000000000e+00,1.600000000000000000e+01,1.860128829285759983e-02,2.548768797247050522e+00,2.548953597341942157e+00
1.000000000000000000e+00,1.700000000000000000e+01,1.721975641524447695e-02,2.563259538246523306e+00,2.563450228980823642e+00
1.000000000000000000e+00,1.800000000000000000e+01,1.600489388828953141e-02,2.576152128224378668e+00,2.576347869778926380e+00
1.000000000000000000e+00,1.900000000000000000e+01,1.492914300122656461e-02,2.588425998595664801e+00,2.588625847168837701e+00
1.000000000000000000e+00,2.000000000000000000e+01,1.397105273665124985e-02,2.599798258518718264e+00,2.600001247655213898e+00
1.000000000000000000e+00,2.100000000000000000e+01,1.311304707250561009e-02,2.610599126269653514e+00,2.610804242391675967e+00
1.000000000000000000e+00,2.200000000000000000e+01,1.234091420187906005e-02,2.620807140949195535e+00,2.621013370050168323e+00
1.000000000000000000e+00,2.300000000000000000e+01,1.164290361495442898e-02,2.630555477168733169e+00,2.630761802926014248e+00
1.000000000000000000e+00,2.400000000000000000e+01,1.100929229429358121e-02,2.639874932272445740e+00,2.640080360476283694e+00
1.000000000000000000e+00,2.500000000000000000e+01,1.043193883371418620e-02,2.648831105238810490e+00,2.649034669238261142e+00
1.000000000000000000e+00,2.600000000000000000e+01,9.903994531465948672e-03,2.657456816705725089e+00,2.657657590328137420e+00
1.000000000000000000e+00,2.700000000000000000e+01,9.419652765242631995e-03,2.665789815152120212e+00,2.665986918255603744e+00
1.000000000000000000e+00,2.800000000000000000e+01,8.973964368360270311e-03,2.673855517063747467e+00,2.674048122234361280e+00
1.000000000000000000e+00,2.900000000000000000e+01,8.562685474661432122e-03,2.681677759834352415e+00,2.681865095905010321e+00
1.000000000000000000e+00,3.000000000000000000e+01,8.182158740710055930e-03,2.689274727894443551e+00,2.689456082922600189e+00
1.000000000000000000e+00,3.100000000000000000e+01,7.829216383961026121e-03,2.696662274564011863e+00,2.696836997201782715e+00
1.000000000000000000e+00,3.200000000000000000e+01,7.501102209676953694e-03,2.703853192429221508e+00,2.704020692534906622e+00
1.000000000000000000e+00,3.300000000000000000e+01,7.195407660324372456e-03,2.710858398248222390e+00,2.711018146581254840e+00
1.000000000000000000e+00,3.400000000000000000e+01,6.910019443470592597e-03,2.717686976729020820e+00,2.717838504047166648e+00
1.000000000000000000e+00,3.500000000000000000e+01,6.643076194134244633e-03,2.724346693536497277e+00,2.724489589150715041e+00
1.000000000000000000e+00,3.600000000000000000e+01,6.392932510202002649e-03,2.730844165088318842e+00,2.730978075027847396e+00
1.000000000000000000e+00,3.700000000000000000e+01,6.158128904042895792e-03,2.737185124792230084e+00,2.737309749661665403e+00
1.000000000000000000e+00,3.800000000000000000e+01,5.937366595804724478e-03,2.743374572428038505e+00,2.743489665045933279e+00
1.000000000000000000e+00,3.900000000000000000e+01,5.729486258092519359e-03,2.749416929686844036e+00,2.749522292571845217e+00
1.000000000000000000e+00,4.000000000000000000e+01,5.533450018460937293e-03,2.755316147912134639e+00,2.755411630674097889e+00
1.000000000000000000e+00,4.100000000000000000e+01,5.348326153354266387e-03,2.761075804312235427e+00,2.761161300994825485e+00
1.000000000000000000e+00,4.200000000000000000e+01,5.173276020031747184e-03,2.766699174468584044e+00,2.766774620880497526e+00
1.000000000000000000e+00,4.300000000000000000e+01,5.007542855879981714e-03,2.772189292990776988e+00,2.772254664056114759e+00
1.000000000000000000e+00,4.400000000000000000e+01,4.850442143537260151e-03,2.777549000646011734e+00,2.777604307797261640e+00
1.000000000000000000e+00,4.500000000000000000e+01,4.701353293869226825e-03,2.782780982533834546e+00,2.782826271166308096e+00
1.000000000000000000e+00,4.600000000000000000e+01,4.559712442684991582e-03,2.787887797944891055e+00,2.787923144946784948e+00
1.000000000000000000e+00,4.700000000000000000e+01,4.425006192106205501e-03,2.792871904051036580e+00,2.792897415419639096e+00
1.000000000000000000e+00,4.800000000000000000e+01,4.296766156106581261e-03,2.797735674331873756e+00,2.797751482883573004e+00
1.000000000000000000e+00,4.900000000000000000e+01,4.174564192956180080e-03,2.802481412922986692e+00,2.802487676102177527e+00
1.000000000000000000e+00,5.000000000000000000e+01,4.058008226355284444e-03,2.807111365620231336e+00,2.807108263410406312e+00
1.000000000000000000e+00,5.100000000000000000e+01,3.946738572676533781e-03,2.811627728260603476e+00,2.811615461198989863e+00
1.000000000000000000e+00,5.200000000000000000e+01,3.840424704646793874e-03,2.816032653001954156e+00,2.816011440297754298e+00
1.000000000000000000e+00,5.300000000000000000e+01,3.738762392490365370e-03,2.820328252959150905e+00,2.820298330714766433e+00
1.000000000000000000e+00,5.400000000000000000e+01,3.641471172446006550e-03,2.824516605549600712e+00,2.824478225082915461e+00
1.000000000000000000e+00,5.500000000000000000e+01,3.548292099986589086e-03,2.828599754843106773e+00,2.828553181108410364e+00
1.000000000000000000e+00,5.600000000000000000e+01,3.458985751279937491e-03,2.832579713147801215e+00,2.832525223252558622e+00
1.000000000000000000e+00,5.700000000000000000e+01,3.373330441644752358e-03,2.836458462020824633e+00,2.836396343834970413e+00
1.000000000000000000e+00,5.800000000000000000e+01,3.291120634150188334e-03,2.840237952853385206e+00,2.840168503707515502e+00
1.000000000000000000e+00,5.900000000000000000e+01,3.212165515221782237e-03,2.843920107149042309e+00,2.843843632617863104e+00
1.000000000000000000e+00,6.000000000000000000e+01,3.136287717264934268e-03,2.847506816588535994e+00,2.847423629355691599e+00
1.000000000000000000e+00,6.100000000000000000e+01,3.063322170993535570e-03,2.850999942954704824e+00,2.850910361755019107e+00
1.000000000000000000e+00,6.200000000000000000e+01,2.993115072432894069e-03,2.854401317973910501e+00,2.854305666609253223e+00
1.000000000000000000e+00,6.300000000000000000e+01,2.925522951516115744e-03,2.857712743116889165e+00,2.857611349541690160e+00
1.000000000000000000e+00,6.400000000000000000e+01,2.860411830864187117e-03,2.860935989392230372e+00,2.860829184864826402e+00
1.000000000000000000e+00,6.500000000000000000e+01,2.797656464775448958e-03,2.864072797155217120e+00,2.863960915451419620e+00
1.000000000000000000e+00,6.600000000000000000e+01,2.737139649686513333e-03,2.867124875949349061e+00,2.867008252634680510e+00
1.000000000000000000e+00,6.700000000000000000e+01,2.678751598433577914e-03,2.870093904393070439e+00,2.869972876149973651e+00
1.000000000000000000e+00,6.800000000000000000e+01,2.622389371566402790e-03,2.872981530117092674e+00,2.872856434123876035e+00
1.000000000000000000e+00,6.900000000000000000e+01,2.567956359767612547e-03,2.875789369757579816e+00,2.875660543116054235e+00
1.000000000000000000e+00,7.000000000000000000e+01,2.515361812125517689e-03,2.878519009006438978e+00,2.878386788215128167e+00
1.000000000000000000e+00,7.100000000000000000e+01,2.464520405614295615e-03,2.881172002717807601e+00,2.881036723187607063e+00
1.000000000000000000e+00,7.200000000000000000e+01,2.415351851663790315e-03,2.883749875069047786e+00,2.883611870678960631e+00
1.000000000000000000e+00,7.300000000000000000e+01,2.367780536163139379e-03,2.886254119773768778e+00,2.886113722463900189e+00
1.000000000000000000e+00,7.400000000000000000e+01,2.321735189647064230e-03,2.888686200342180044e+00,2.888543739741601168e+00
1.000000000000000000e+00,7.500000000000000000e+01,2.277148584768783849e-03,2.891047550385915432e+00,2.890903353473065707e+00
1.000000000000000000e+00,7.600000000000000000e+01,2.233957258475590280e-03,2.893339573962904421e+00,2.893193964756396674e+00
1.000000000000000000e+00,7.700000000000000000e+01,2.192101256578137761e-03,2.895563645956702015e+00,2.895416945234604800e+00
1.000000000000000000e+00,7.800000000000000000e+01,2.151523898646971310e-03,2.897721112487544382e+00,2.897573637532954383e+00
1.000000000000000000e+00,7.900000000000000000e+01,2.112171561384152633e-03,2.899813291350225697e+00,2.899665355721564808e+00
1.000000000000000000e+00,8.000000000000000000e+01,2.073993478807557075e-03,2.901841472474302464e+00,2.901693385798752356e+00
1.000000000000000000e+00,8.100000000000000000e+01,2.036941557753589854e-03,2.903806918403536219e+00,2.903658986191751001e+00
1.000000000000000000e+00,8.200000000000000000e+01,2.000970207353377443e-03,2.905710864790731485e+00,2.905563388271616976e+00
1.000000000000000000e+00,8.300000000000000000e+01,1.966036181270306056e-03,2.907554520904367390e+00,2.907407796878549888e+00
1.000000000000000000e+00,8.400000000000000000e+01,1.932098431605015548e-03,2.909339070144448147e+00,2.909193390854981853e+00
1.000000000000000000e+00,8.500000000000000000e+01,1.899117973479433645e-03,2.911065670564425112e+00,2.910921323583778531e+00
1.000000000000000000e+00,8.600000000000000000e+01,1.867057759405628967e-03,2.912735455396902040e+00,2.912592723528979466e+00
1.000000000000000000e+00,8.700000000000000000e+01,1.835882562629495562e-03,2.914349533580760987e+00,2.914208694776966535e+00
1.000000000000000000e+00,8.800000000000000000e+01,1.805558868714728701e-03,2.915908990287812586e+00,2.915770317576118487e+00
1.000000000000000000e+00,8.900000000000000000e+01,1.776054774700186814e-03,2.917414887446970528e+00,2.917278648873388391e+00
1.000000000000000000e+00,9.000000000000000000e+01,1.747339895224486002e-03,2.918868264264592227e+00,2.918734722845822027e+00
1.000000000000000000e+00,9.100000000000000000e+01,1.719385275066251601e-03,2.920270137739971794e+00,2.920139551426579771e+00
1.000000000000000000e+00,9.200000000000000000e+01,1.692163307597609060e-03,2.921621503174153478e+00,2.921494124823730054e+00
1.000000000000000000e+00,9.300000000000000000e+01,1.665647658692779058e-03,2.922923334671239104e+00,2.922799412030552269e+00
1.000000000000000000e+00,9.400000000000000000e+01,1.639813195673591427e-03,2.924176585631826253e+00,2.924056361327734166e+00
1.000000000000000000e+00,9.500000000000000000e+01,1.614635920909812932e-03,2.925382189237738739e+00,2.925265900775769978e+00
1.000000000000000000e+00,9.600000000000000000e+01,1.590092909724822581e-03,2.926541058926974692e+00,2.926428938697308801e+00
1.000000000000000000e+00,9.700000000000000000e+01,1.566162252286705048e-03,2.927654088859184878e+00,2.927546364149661073e+00
1.000000000000000000e+00,9.800000000000000000e+01,1.542822999191584624e-03,2.928722154370395181e+00,2.928619047385672580e+00
1.000000000000000000e+00,9.900000000000000000e+01,1.520055110470331858e-03,2.929746112418161186e+00,2.929647840304833828e+00
1.000000000000000000e+00,1.000000000000000000e+02,1.497839407771768333e-03,2.930726802015795496e+00,2.930633576892851089e+00
1.000000000000000000e+00,1.010000000000000000e+02,1.476157529495609978e-03,2.931665044655320518e+00,2.931577073649885179e+00
1.000000000000000000e+00,1.020000000000000000e+02,1.454991888666550166e-03,2.932561644720740990e+00,2.932479130008281754e+00
1.000000000000000000e+00,1.030000000000000000e+02,1.434325633357538257e-03,2.933417389890212945e+00,2.933340528738959119e+00
1.000000000000000000e+00,1.040000000000000000e+02,1.414142609485421077e-03,2.934233051527620706e+00,2.934162036347193414e+00
1.000000000000000000e+00,1.050000000000000000e+02,1.394427325815945570e-03,2.935009385063453990e+00,2.934944403456937856e+00
1.000000000000000000e+00,1.060000000000000000e+02,1.375164921027718836e-03,2.935747130365772950e+00,2.935688365185181059e+00
1.000000000000000000e+00,1.070000000000000000e+02,1.356341132696258769e-03,2.936447012101139009e+00,2.936394641505899017e+00
1.000000000000000000e+00,1.080000000000000000e+02,1.337942268069814127e-03,2.937109740084927534e+00,2.937063937603164199e+00
1.000000000000000000e+00,1.090000000000000000e+02,1.319955176518303490e-03,2.937736009622654798e+00,2.937696944214891914e+00
1.000000000000000000e+00,1.100000000000000000e+02,1.302367223545542125e-03,2.938326501841260541e+00,2.938294337966578240e+00
1.000000000000000000e+00,1.110000000000000000e+02,1.285166266263091783e-03,2.938881884011368406e+00,2.938856781695378118e+00
1.000000000000000000e+00,1.120000000000000000e+02,1.268340630231459864e-03,2.939402809860977683e+00,2.939384924765701346e+00
1.000000000000000000e+00,1.130000000000000000e+02,1.251879087581277529e-03,2.939889919879255853e+00,2.939879403374745070e+00
1.000000000000000000e+00,1.140000000000000000e+02,1.235770836333337404e-03,2.940343841612888642e+00,2.940340840850112603e+00
1.000000000000000000e+00,1.150000000000000000e+02,1.220005480842176323e-03,2.940765189954310799e+00,2.940769847939348480e+00
1.000000000000000000e+00,1.160000000000000000e+02,1.204573013293214418e-03,2.941154567420922739e+00,2.941167023090077492e+00
1.000000000000000000e+00,1.170000000000000000e+02,1.189463796188389069e-03,2.941512564427315457e+00,2.941532952723290961e+00
1.000000000000000000e+00,1.180000000000000000e+02,1.174668545759713920e-03,2.941839759550330058e+00,2.941868211499209185e+00
1.000000000000000000e+00,1.190000000000000000e+02,1.160178316254413707e-03,2.942136719786440757e+00,2.942173362574923789e+00
1.000000000000000000e+00,1.200000000000000000e+02,1.145984485039107902e-03,2.942404000802002262e+00,2.942448957855415603e+00
1.000000000000000000e+00,1.210000000000000000e+02,1.132078738474112927e-03,2.942642147177310985e+00,2.942695538237798392e+00
1.000000000000000000e+00,1.220000000000000000e+02,1.118453058512188522e-03,2.942851692644196326e+00,2.942913633848935895e+00
1.000000000000000000e+00,1.230000000000000000e+02,1.105099709979148401e-03,2.943033160316707697e+00,2.943103764276727041e+00
1.000000000000000000e+00,1.240000000000000000e+02,1.092011228496538033e-03,2.943187062916536423e+00,2.943266438794859496e+00
1.000000000000000000e+00,1.250000000000000000e+02,1.079180409009224172e-03,2.943313902992254594e+00,2.943402156582167972e+00
1.000000000000000000e+00,1.260000000000000000e+02,1.066600294883148295e-03,2.943414173133206635e+00,2.943511406936337504e+00
1.000000000000000000e+00,1.270000000000000000e+02,1.054264167540754993e-03,2.943488356177421661e+00,2.943594669481463644e+00
1.000000000000000000e+00,1.280000000000000000e+02,1.042165536603689279e-03,2.943536925414885097e+00,2.943652414370910630e+00
1.000000000000000000e+00,1.290000000000000000e+02,1.030298130514287983e-03,2.943560344786031902e+00,2.943685102484921323e+00
1.000000000000000000e+00,1.300000000000000000e+02,1.018655887609200587e-03,2.943559069074171308e+00,2.943693185623099229e+00
1.000000000000000000e+00,1.310000000000000000e+02,1.007232947620150584e-03,2.943533544094592003e+00,2.943677106692525580e+00
1.000000000000000000e+00,1.320000000000000000e+02,9.960236435783823873e-04,2.943484206878666853e+00,2.943637299891004311e+00
1.000000000000000000e+00,1.330000000000000000e+02,9.850224941008269876e-04,2.943411485852963416e+00,2.943574190885685837e+00
1.000000000000000000e+00,1.340000000000000000e+02,9.742241960373304544e-04,2.943315801015441657e+00,2.943488196988073291e+00
1.000000000000000000e+00,1.350000000000000000e+02,9.636236174595714686e-04,2.943197564106324826e+00,2.943379727324405781e+00
1.000000000000000000e+00,1.360000000000000000e+02,9.532157909734613032e-04,2.943057178775657423e+00,2.943249183002047964e+00
1.000000000000000000e+00,1.370000000000000000e+02,9.429959073379041035e-04,2.942895040747014246e+00,2.943096957272188785e+00
1.000000000000000000e+00,1.380000000000000000e+02,9.329593093738302884e-04,2.942711537977388936e+00,2.942923435688816092e+00
1.000000000000000000e+00,1.390000000000000000e+02,9.231014861483549270e-04,2.942507050813782499e+00,2.942728996264162511e+00
1.000000000000000000e+00,1.400000000000000000e+02,9.134180674198143484e-04,2.942281952146068580e+00,2.942514009620538218e+00
1.000000000000000000e+00,1.410000000000000000e+02,9.039048183302587783e-04,2.942036607556401506e+00,2.942278839138533719e+00
1.000000000000000000e+00,1.420000000000000000e+02,8.945576343327630003e-04,2.941771375465945138e+00,2.942023841102694881e+00
1.000000000000000000e+00,1.430000000000000000e+02,8.853725363416344550e-04,2.941486607277897569e+00,2.941749364843339709e+00
1.000000000000000000e+00,1.440000000000000000e+02,8.763456660942973942e-04,2.941182647517487148e+00,2.941455752875384189e+00
1.000000000000000000e+00,1.450000000000000000e+02,8.674732817142476399e-04,2.940859833969556636e+00,2.941143341034547110e+00
1.000000000000000000e+00,1.460000000000000000e+02,8.587517534650891942e-04,2.940518497812755427e+00,2.940812458610662539e+00
1.000000000000000000e+00,1.470000000000000000e+02,8.501775596862117933e-04,2.940158963750941545e+00,2.940463428477550600e+00
1.000000000000000000e+00,1.480000000000000000e+02,8.417472829012026840e-04,2.939781550142228639e+00,2.940096567220783275e+00
1.000000000000000000e+00,1.490000000000000000e+02,8.334576060905678294e-04,2.939386569124912363e+00,2.939712185262744359e+00
1.000000000000000000e+00,1.500000000000000000e+02,8.253053091208159943e-04,2.938974326741241594e+00,2.939310586984670515e+00
1.000000000000000000e+00,1.510000000000000000e+02,8.172872653223723456e-04,2.938545123058657893e+00,2.938892070846967464e+00
1.000000000000000000e+00,1.520000000000000000e+02,8.094004382092199372e-04,2.938099252288056906e+00,2.938456929506070736e+00
1.000000000000000000e+00,1.530000000000000000e+02,8.016418783335293530e-04,2.937637002900488348e+00,2.938005449929828927e+00
1.000000000000000000e+00,1.540000000000000000e+02,7.940087202689112642e-04,2.937158657740585710e+00,2.937537913509921772e+00
1.000000000000000000e+00,1.550000000000000000e+02,7.864981797162608115e-04,2.936664494138866210e+00,2.937054596172595122e+00
1.000000000000000000e+00,1.560000000000000000e+02,7.791075507264751858e-04,2.936154784020785335e+00,2.936555768486659446e+00
1.000000000000000000e+00,1.570000000000000000e+02,7.718342030346437817e-04,2.935629794013927096e+00,2.936041695769436632e+00
1.000000000000000000e+00,1.580000000000000000e+02,7.646755795005675746e-04,2.935089785553899322e+00,2.935512638191289270e+00
1.000000000000000000e+00,1.590000000000000000e+02,7.576291936507537506e-04,2.934535014986607848e+00,2.934968850876984892e+00
1.000000000000000000e+00,1.600000000000000000e+02,7.506926273172706814e-04,2.933965733669898768e+00,2.934410584005762601e+00
1.000000000000000000e+00,1.610000000000000000e+02,7.438635283690818749e-04,2.933382188072850560e+00,2.933838082909518086e+00
1.000000000000000000e+00,1.620000000000000000e+02,7.371396085317123703e-04,2.932784619872363940e+00,2.933251588168543034e+00
1.000000000000000000e+00,1.630000000000000000e+02,7.305186412913007576e-04,2.932173266048971438e+00,2.932651335705715567e+00
1.000000000000000000e+00,1.640000000000000000e+02,7.239984598792904673e-04,2.931548358980546887e+00,2.932037556879369067e+00
1.000000000000000000e+00,1.650000000000000000e+02,7.175769553342057749e-04,2.930910126533644355e+00,2.931410478573256650e+00
1.000000000000000000e+00,1.660000000000000000e+02,7.112520746371316527e-04,2.930258792153162872e+00,2.930770323285324164e+00
1.000000000000000000e+00,1.670000000000000000e+02,7.050218189176838931e-04,2.929594574950978636e+00,2.930117309215224619e+00
1.000000000000000000e+00,1.680000000000000000e+02,6.988842417274111849e-04,2.928917689792586820e+00,2.929451650349666814e+00
1.000000000000000000e+00,1.690000000000000000e+02,6.928374473777273871e-04,2.928228347381510055e+00,2.928773556545890333e+00
1.000000000000000000e+00,1.700000000000000000e+02,6.868795893396070036e-04,2.927526754342318682e+00,2.928083233613700820e+00
1.000000000000000000e+00,1.710000000000000000e+02,6.810088687024134797e-04,2.926813113302642488e+00,2.927380883396479838e+00
1.000000000000000000e+00,1.720000000000000000e+02,6.752235326893519076e-04,2.926087622973277735e+00,2.926666703850131501e+00
1.000000000000000000e+00,1.730000000000000000e+02,6.695218732271657766e-04,2.925350478226267370e+00,2.925940889120196786e+00
1.000000000000000000e+00,1.740000000000000000e+02,6.639022255678025692e-04,2.924601870172057971e+00,2.925203629618203571e+00
1.000000000000000000e+00,1.750000000000000000e+02,6.583629669598842432e-04,2.923841986234892776e+00,2.924455112096058684e+00
1.000000000000000000e+00,1.760000000000000000e+02,6.529025153679197989e-04,2.923071010226912847e+00,2.923695519719049507e+00
1.000000000000000000e+00,1.770000000000000000e+02,6.475193282372922101e-04,2.922289122421059648e+00,2.922925032138084855e+00
1.000000000000000000e+00,1.780000000000000000e+02,6.422119013031444851e-04,2.921496499621739407e+00,2.922143825559389008e+00
1.000000000000000000e+00,1.790000000000000000e+02,6.369787674413789590e-04,2.920693315234658360e+00,2.921352072813458545e+00
1.000000000000000000e+00,1.800000000000000000e+02,6.318184955600581864e-04,2.919879739336005198e+00,2.920549943423400574e+00
1.000000000000000000e+00,1.810000000000000000e+02,6.267296895295813505e-04,2.919055938738945422e+00,2.919737603670592208e+00
1.000000000000000000e+00,1.820000000000000000e+02,6.217109871500839336e-04,2.918222077059694275e+00,2.918915216660011414e+00
1.000000000000000000e+00,1.830000000000000000e+02,6.167610591545706318e-04,2.917378314782015813e+00,2.918082942384057077e+00
1.000000000000000000e+00,1.840000000000000000e+02,6.118786082463706410e-04,2.916524809320602873e+00,2.917240937784922217e+00
1.000000000000000000e+00,1.850000000000000000e+02,6.070623681695537727e-04,2.915661715083421868e+00,2.916389356816363687e+00
1.000000000000000000e+00,1.860000000000000000e+02,6.023111028110201279e-04,2.914789183532188410e+00,2.915528350503371335e+00
1.000000000000000000e+00,1.870000000000000000e+02,5.976236053330220236e-04,2.913907363242250081e+00,2.914658067001716368e+00
1.000000000000000000e+00,1.880000000000000000e+02,5.929986973349384537e-04,2.913016399961314562e+00,2.913778651655378749e+00
1.000000000000000000e+00,1.890000000000000000e+02,5.884352280431689834e-04,2.912116436666463137e+00,2.912890247053337767e+00
1.000000000000000000e+00,1.900000000000000000e+02,5.839320735280702484e-04,2.911207613620497181e+00,2.911992993085348758e+00
1.000000000000000000e+00,1.910000000000000000e+02,5.794881359468946570e-04,2.910290068427713539e+00,2.911087026996682869e+00
1.000000000000000000e+00,1.920000000000000000e+02,5.751023428117459741e-04,2.909363936087085989e+00,2.910172483441332059e+00
1.000000000000000000e+00,1.930000000000000000e+02,5.707736462816046267e-04,2.908429349045943635e+00,2.909249494534345892e+00
1.000000000000000000e+00,1.940000000000000000e+02,5.665010224775108086e-04,2.907486437251759703e+00,2.908318189903688289e+00
1.000000000000000000e+00,1.950000000000000000e+02,5.622834708200447453e-04,2.906535328202715540e+00,2.907378696740172241e+00
1.000000000000000000e+00,1.960000000000000000e+02,5.581200133882651630e-04,2.905576146998462228e+00,2.906431139847154288e+00
1.000000000000000000e+00,1.970000000000000000e+02,5.540096942993130843e-04,2.904609016388484122e+00,2.905475641689132971e+00
1.000000000000000000e+00,1.980000000000000000e+02,5.499515791079178902e-04,2.903634056819978326e+00,2.904512322438848937e+00
1.000000000000000000e+00,1.990000000000000000e+02,5.459447542250722924e-04,2.902651386485373131e+00,2.903541300024116811e+00
1.000000000000000000e+00,2.000000000000000000e+02,5.419883263551750641e-04,2.901661121368269036e+00,2.902562690173541515e+00
1.000000000000000000e+00,2.010000000000000000e+02,5.380814219509709494e-04,2.900663375288303314e+00,2.901576606460876562e+00
1.000000000000000000e+00,2.020000000000000000e+02,5.342231866856415662e-04,2.899658259945962158e+00,2.900583160349460066e+00
1.000000000000000000e+00,2.030000000000000000e+02,5.304127849414280076e-04,2.898645884965627584e+00,2.899582461234708308e+00
1.000000000000000000e+00,2.040000000000000000e+02,5.266493993141951185e-04,2.897626357937801878e+00,2.898574616486358835e+00
1.000000000000000000e+00,2.050000000000000000e+02,5.229322301333646627e-04,2.896599784461590055e+00,2.897559731489915524e+00
1.000000000000000000e+00,2.060000000000000000e+02,5.192604949966715937e-04,2.895566268184990300e+00,2.896537909687112666e+00
1.000000000000000000e+00,2.070000000000000000e+02,5.156334283192219288e-04,2.894525910844861993e+00,2.895509252615407814e+00
1.000000000000000000e+00,2.080000000000000000e+02,5.120502808963442757e-04,2.893478812306489178e+00,2.894473859946873340e+00
1.000000000000000000e+00,2.090000000000000000e+02,5.085103194797548206e-04,2.892425070601547965e+00,2.893431829526639465e+00
1.000000000000000000e+00,2.100000000000000000e+02,5.050128263665698948e-04,2.891364781966268005e+00,2.892383257409620878e+00
1.000000000000000000e+00,2.110000000000000000e+02,5.015570990007188869e-04,2.890298040877950392e+00,2.891328237897660802e+00
1.000000000000000000e+00,2.120000000000000000e+02,4.981424495863319511e-04,2.889224940091022820e+00,2.890266863575136735e+00
1.000000000000000000e+00,2.130000000000000000e+02,4.947682047126865032e-04,2.888145570672660867e+00,2.889199225343777044e+00
1.000000000000000000e+00,2.140000000000000000e+02,4.914337049903196985e-04,2.887060022037435392e+00,2.888125412457786201e+00
1.000000000000000000e+00,2.150000000000000000e+02,4.881383046979234619e-04,2.885968381981323549e+00,2.887045512557007143e+00
1.000000000000000000e+00,2.160000000000000000e+02,4.848813714396584310e-04,2.884870736714736150e+00,2.885959611699968619e+00
1.000000000000000000e+00,2.170000000000000000e+02,4.816622858125328178e-04,2.883767170895266130e+00,2.884867794396529295e+00
1.000000000000000000e+00,2.180000000000000000e+02,4.784804410835084084e-04,2.882657767660036452e+00,2.883770143639604822e+00
1.000000000000000000e+00,2.190000000000000000e+02,4.753352428760063229e-04,2.881542608655936366e+00,2.882666740935705185e+00
1.000000000000000000e+00,2.200000000000000000e+02,4.722261088655037038e-04,2.880421774071186380e+00,2.881557666335901491e+00
1.000000000000000000e+00,2.210000000000000000e+02,4.691524684839103805e-04,2.879295342665179280e+00,2.880442998465583937e+00
1.000000000000000000e+00,2.220000000000000000e+02,4.661137626324467101e-04,2.878163391797279758e+00,2.879322814553365806e+00
1.000000000000000000e+00,2.230000000000000000e+02,4.631094434027320256e-04,2.877025997456577056e+00,2.878197190460015875e+00
1.000000000000000000e+00,2.240000000000000000e+02,4.601389738058220226e-04,2.875883234289237311e+00,2.877066200706220211e+00
1.000000000000000000e+00,2.250000000000000000e+02,4.572018275089319446e-04,2.874735175626242256e+00,2.875929918500168103e+00
1.000000000000000000e+00,2.260000000000000000e+02,4.542974885795974518e-04,2.873581893510793517e+00,2.874788415764407024e+00
1.000000000000000000e+00,2.270000000000000000e+02,4.514254512370303616e-04,2.872423458724562284e+00,2.873641763162021689e+00
1.000000000000000000e+00,2.280000000000000000e+02,4.485852196104407694e-04,2.871259940813639222e+00,2.872490030122978766e+00
1.000000000000000000e+00,2.290000000000000000e+02,4.457763075040981353e-04,2.870091408113645048e+00,2.871333284868525570e+00
1.000000000000000000e+00,2.300000000000000000e+02,4.429982381689205151e-04,2.868917927774990773e+00,2.870171594436448093e+00
1.000000000000000000e+00,2.310000000000000000e+02,4.402505440803783474e-04,2.867739565786933564e+00,2.869005024705320928e+00
1.000000000000000000e+00,2.320000000000000000e+02,4.375327667225199714e-04,2.866556387001713446e+00,2.867833640418046670e+00
1.000000000000000000e+00,2.330000000000000000e+02,4.348444563779172681e-04,2.865368455157642824e+00,2.866657505205287837e+00
1.000000000000000000e+00,2.340000000000000000e+02,4.321851719233549163e-04,2.864175832901832752e+00,2.865476681607834308e+00
1.000000000000000000e+00,2.350000000000000000e+02,4.295544806310736918e-04,2.862978581812909873e+00,2.864291231099366453e+00
1.000000000000000000e+00,2.360000000000000000e+02,4.269519579754037144e-04,2.861776762422456155e+00,2.863101214107733661e+00
1.000000000000000000e+00,2.370000000000000000e+02,4.243771874446127619e-04,2.860570434236958004e+00,2.861906690036860379e+00
1.000000000000000000e+00,2.380000000000000000e+02,4.218297603578142845e-04,2.859359655758393348e+00,2.860707717287215068e+00
1.000000000000000000e+00,2.390000000000000000e+02,4.193092756867750916e-04,2.858144484505170002e+00,2.859504353276662858e+00
1.000000000000000000e+00,2.400000000000000000e+02,4.168153398824753133e-04,2.856924977031847224e+00,2.858296654460281250e+00
1.000000000000000000e+00,2.410000000000000000e+02,4.143475667062739985e-04,2.855701188948831959e+00,2.857084676349751717e+00
1.000000000000000000e+00,2.420000000000000000e+02,4.119055770655410302e-04,2.854473174942013358e+00,2.855868473533256235e+00
1.000000000000000000e+00,2.430000000000000000e+02,4.094889988536186388e-04,2.853240988791490462e+00,2.854648099693642305e+00
1.000000000000000000e+00,2.440000000000000000e+02,4.070974667939840906e-04,2.852004683389695483e+00,2.853423607627150194e+00
1.000000000000000000e+00,2.450000000000000000e+02,4.047306222884853449e-04,2.850764310760282250e+00,2.852195049261689874e+00
1.000000000000000000e+00,2.460000000000000000e+02,4.023881132695277061e-04,2.849519922074686740e+00,2.850962475673611163e+00
1.000000000000000000e+00,2.470000000000000000e+02,4.000695940560968704e-04,2.848271567670147331e+00,2.849725937105849649e+00
1.000000000000000000e+00,2.480000000000000000e+02,3.977747252134980764e-04,2.847019297067367560e+00,2.848485482984967287e+00
1.000000000000000000e+00,2.490000000000000000e+02,3.955031734167077629e-04,2.845763158985544994e+00,2.847241161936964193e+00
1.000000000000000000e+00,2.500000000000000000e+02,3.932546113172284458e-04,2.844503201359367406e+00,2.845993021803671752e+00
1.000000000000000000e+00,2.510000000000000000e+02,3.910287174133430035e-04,2.843239471355679004e+00,2.844741109659302936e+00
1.000000000000000000e+00,2.520000000000000000e+02,3.888251759236698696e-04,2.841972015387753459e+00,2.843485471825236033e+00
1.000000000000000000e+00,2.530000000000000000e+02,3.866436766639251869e-04,2.840700879131010659e+00,2.842226153885433870e+00
1.000000000000000000e+00,2.540000000000000000e+02,3.844839149267937489e-04,2.839426107538519428e+00,2.840963200701654756e+00
1.000000000000000000e+00,2.550000000000000000e+02,3.823455913648237813e-04,2.838147744854833565e+00,2.839696656427451060e+00
1.000000000000000000e+00,2.560000000000000000e+02,3.802284118762554654e-04,nan,nan
